Unnamed: 0,Age,Attrition,BusinessTravel,DailyRate,Department,DistanceFromHome,Education,EducationField,EnvironmentSatisfaction,Gender,HourlyRate,JobInvolvement,JobLevel,JobRole,JobSatisfaction,MaritalStatus,MonthlyIncome,MonthlyRate,NumCompaniesWorked,OverTime,PercentSalaryHike,PerformanceRating,RelationshipSatisfaction,TotalWorkingYears,TrainingTimesLastYear,WorkLifeBalance,YearsAtCompany,YearsInCurrentRole,YearsSinceLastPromotion,YearsWithCurrManager
0,41,1,2,1102,2,1,2,1,2,0,94,3,2,7,4,2,5993,19479,8,1,11,3,1,8,0,1,6,4,0,5
1,49,0,1,279,1,8,1,1,3,1,61,2,2,6,2,1,5130,24907,1,0,23,4,4,10,3,3,10,7,1,7
2,37,1,2,1373,1,2,2,4,4,1,92,2,1,2,3,2,2090,2396,6,1,15,3,2,7,3,3,0,0,0,0
3,33,0,1,1392,1,3,4,1,4,0,56,3,1,6,3,1,2909,23159,1,1,11,3,3,8,3,3,8,7,3,0
4,27,0,2,591,1,2,1,3,1,1,40,3,1,2,2,1,3468,16632,9,0,12,3,4,6,3,3,2,2,2,2
5,32,0,1,1005,1,2,2,1,4,1,79,3,1,2,4,2,3068,11864,0,0,13,3,3,8,2,2,7,7,3,6
6,59,0,2,1324,1,3,3,3,3,0,81,4,1,2,1,1,2670,9964,4,1,20,4,1,12,3,2,1,0,0,0
7,30,0,2,1358,1,24,1,1,4,1,67,3,1,2,3,0,2693,13335,1,0,22,4,2,1,2,3,1,0,0,0
8,38,0,1,216,1,23,3,1,4,1,44,2,3,4,3,2,9526,8787,0,0,21,4,2,10,2,3,9,7,1,8
9,36,0,2,1299,1,27,3,3,3,1,94,3,2,0,3,1,5237,16577,6,0,13,3,2,17,3,2,7,7,7,7
10,35,0,2,809,1,16,3,3,1,1,84,4,1,2,2,1,2426,16479,0,0,13,3,3,6,5,3,5,4,0,3
11,29,0,2,153,1,15,2,1,4,0,49,2,2,2,3,2,4193,12682,0,1,12,3,4,10,3,3,9,5,0,8
12,31,0,2,670,1,26,1,1,1,1,31,3,1,6,3,0,2911,15170,1,0,17,3,4,5,1,2,5,2,4,3
13,34,0,2,1346,1,19,2,3,2,1,93,3,1,2,4,0,2661,8758,0,0,11,3,3,3,2,3,2,2,1,2
14,28,1,2,103,1,24,3,1,3,1,50,2,1,2,3,2,2028,12947,5,1,14,3,2,6,4,3,4,2,0,3
16,32,0,2,334,1,5,2,1,1,1,80,4,1,6,2,0,3298,15053,0,1,12,3,4,7,5,2,6,2,0,5
17,22,0,0,1123,1,16,2,3,4,1,96,4,1,2,4,0,2935,7324,1,1,13,3,2,1,2,2,1,0,0,0
18,53,0,2,1219,2,2,4,1,1,0,78,2,4,3,4,1,15427,22021,2,0,16,3,3,31,3,3,25,8,3,7
19,38,0,2,371,1,2,3,1,4,1,45,3,1,6,4,2,3944,4306,5,1,11,3,3,6,3,3,3,2,1,2
20,24,0,0,673,1,11,2,4,1,0,96,4,2,4,3,0,4011,8232,0,0,18,3,4,5,5,2,4,2,1,3
21,36,1,2,1218,2,9,4,1,3,1,82,2,1,8,1,2,3407,6986,7,0,23,4,2,10,4,3,5,3,0,3
22,34,0,2,419,1,7,4,1,1,0,53,3,3,5,2,2,11994,21293,0,0,11,3,3,13,4,3,12,6,2,11
24,34,1,2,699,1,6,1,3,2,1,83,3,1,6,1,2,2960,17102,2,0,11,3,3,8,2,3,4,2,1,3
25,53,0,2,1282,1,5,3,4,3,0,58,3,5,3,3,0,19094,10735,4,0,11,3,4,26,3,2,14,13,4,8
26,32,1,1,1125,1,16,1,1,2,0,72,1,1,6,1,2,3919,4681,1,1,22,4,2,10,5,3,10,2,6,7
27,42,0,2,691,2,8,4,2,3,1,48,3,2,7,2,1,6825,21173,0,0,11,3,4,10,2,3,9,7,4,2
28,44,0,2,477,1,7,4,3,1,0,42,2,3,0,4,1,10248,2094,3,0,14,3,4,24,4,3,22,6,5,17
31,44,0,2,1459,1,10,4,4,4,1,41,3,2,0,4,1,6465,19121,2,1,13,3,4,9,5,4,4,2,1,3
33,39,1,2,895,2,5,3,5,4,1,56,3,2,8,4,1,2086,3335,3,0,14,3,3,19,6,4,1,0,0,0
34,24,1,2,813,1,1,3,3,2,1,61,3,1,6,4,1,2293,3020,2,1,16,3,1,6,2,2,2,0,2,0
35,43,0,2,1273,1,2,2,3,4,0,72,4,1,6,3,0,2645,21923,1,0,12,3,4,6,3,2,5,3,1,4
36,50,1,2,869,2,3,2,2,1,1,86,2,1,8,3,1,2683,3810,1,1,14,3,3,3,2,3,3,2,0,2
37,35,0,2,890,2,2,3,2,4,0,97,3,1,8,4,1,2014,9687,1,0,13,3,1,2,3,3,2,2,2,2
38,36,0,2,852,1,5,4,1,2,0,82,2,1,6,1,1,3419,13072,9,1,14,3,4,6,3,4,1,1,0,0
39,33,0,1,1141,2,1,3,1,3,0,42,4,2,7,1,1,5376,3193,2,0,19,3,1,10,3,3,5,3,1,3
40,35,0,2,464,1,4,2,4,3,1,75,3,1,2,4,0,1951,10910,1,0,12,3,3,1,3,3,1,0,0,0
41,27,0,2,1240,1,2,4,1,4,0,33,3,1,2,1,0,2341,19715,1,0,13,3,4,1,6,3,1,0,0,0
42,26,1,2,1357,1,25,3,1,1,1,48,1,1,2,3,2,2293,10558,1,0,12,3,3,1,2,2,1,0,0,1
45,41,1,2,1360,1,12,3,5,2,0,49,3,5,5,3,1,19545,16280,1,0,12,3,4,23,0,3,22,15,15,8
46,34,0,0,1065,2,23,4,2,2,1,72,3,2,7,3,2,4568,10034,0,0,20,4,3,10,2,3,9,5,8,7
47,37,0,2,408,1,19,2,1,2,1,73,3,1,6,2,1,3022,10227,4,0,21,4,1,8,1,3,1,0,0,0
48,46,0,1,1211,2,5,4,2,1,1,98,3,2,7,4,2,5772,20445,4,1,21,4,3,14,4,3,9,6,0,8
50,48,1,2,626,1,1,2,1,1,1,98,2,3,2,3,2,5381,19294,9,1,13,3,4,23,2,3,1,0,0,0
52,44,0,2,1488,2,1,5,2,2,0,75,3,2,7,1,0,5454,4009,5,1,21,4,3,9,2,2,4,3,1,3
53,35,0,0,1097,1,11,2,3,3,1,79,2,3,0,1,1,9884,8302,2,1,13,3,3,10,3,3,4,0,2,3
54,26,0,2,1443,2,23,3,2,3,0,47,2,2,7,4,1,4157,21436,7,1,19,3,3,5,2,2,2,2,0,0
55,33,0,1,515,1,1,2,1,1,0,98,3,3,5,4,2,13458,15146,1,1,12,3,3,15,1,3,15,14,8,12
57,35,0,2,1142,1,23,4,3,3,0,30,3,1,2,1,1,4014,16002,3,1,15,3,3,4,3,3,2,2,2,2
60,32,0,2,427,1,1,3,3,1,1,33,3,2,4,4,1,6162,10877,1,1,22,4,2,9,3,3,9,8,7,8
61,38,0,1,653,1,29,5,1,4,0,50,3,2,2,4,2,2406,5456,1,0,11,3,4,10,2,3,10,3,9,9
62,50,0,2,989,1,7,2,3,2,0,43,2,5,5,3,0,18740,16701,5,1,12,3,4,29,2,2,27,3,13,8
64,36,0,2,1223,1,8,3,5,3,0,59,3,3,0,3,0,10096,8202,1,0,13,3,2,17,2,3,17,14,12,8
66,36,0,1,1195,1,11,3,1,2,1,95,2,2,4,2,2,6499,22656,1,0,13,3,3,6,3,3,6,5,0,3
68,35,0,1,664,1,1,3,3,2,1,79,3,1,6,1,1,2194,5868,4,0,13,3,4,5,2,2,3,2,1,2
69,36,1,2,318,1,9,3,3,4,1,79,2,1,6,3,1,3388,21777,0,1,17,3,1,2,0,2,1,0,0,0
71,29,0,2,1328,1,2,3,1,3,1,76,3,1,6,2,1,2703,4956,0,0,23,4,4,6,3,3,5,4,0,4
72,31,0,2,1082,1,1,4,3,3,1,87,3,1,6,2,2,2501,18775,1,0,17,3,2,1,4,3,1,1,1,0
73,32,0,2,548,1,1,3,1,2,1,66,3,2,6,2,1,6220,7346,1,0,17,3,2,10,3,3,10,4,0,9
74,36,0,2,132,1,6,3,1,2,0,55,4,1,2,4,1,3038,22002,3,0,12,3,2,5,3,3,1,0,0,0
75,31,0,2,746,1,8,4,1,3,0,61,3,2,4,4,2,4424,20682,1,0,23,4,4,11,2,3,11,7,1,8
77,45,0,2,193,1,6,4,4,4,1,52,3,3,5,1,1,13245,15067,4,1,14,3,2,17,3,4,0,0,0,0
79,46,0,2,945,0,5,2,3,2,1,80,3,2,1,2,0,5021,10425,8,1,22,4,4,16,2,3,4,2,0,2
80,30,0,2,852,1,1,1,1,4,1,55,2,2,2,4,1,5126,15998,1,1,12,3,3,10,1,2,10,8,3,0
82,55,0,2,111,2,1,2,1,1,1,70,3,3,7,4,1,10239,18092,3,0,14,3,4,24,4,3,1,0,1,0
83,38,0,0,573,1,6,3,3,2,0,79,1,2,6,4,0,5329,15717,7,1,12,3,4,17,3,3,13,11,1,9
84,34,0,2,1153,1,1,2,3,1,1,94,3,2,4,2,1,4325,17736,1,0,15,3,3,5,2,3,5,2,1,3
85,56,0,2,1400,1,7,3,1,4,1,49,1,3,4,4,2,7260,21698,4,0,11,3,1,37,3,2,6,4,0,2
86,23,0,2,541,2,2,1,5,3,1,62,3,1,8,1,0,2322,9518,3,0,13,3,3,3,3,3,0,0,0,0
87,51,0,2,432,1,9,4,1,4,1,96,3,1,2,4,1,2075,18725,3,0,23,4,2,10,4,3,4,2,0,3
88,30,0,2,288,1,2,3,1,3,1,99,2,2,0,4,1,4152,15830,1,0,19,3,1,11,3,3,11,10,10,8
89,46,1,2,669,2,9,2,3,3,1,64,2,3,7,4,2,9619,13596,1,0,16,3,4,9,3,3,9,8,4,7
90,40,0,1,530,1,1,4,1,3,1,78,2,4,0,2,1,13503,14115,1,0,22,4,4,22,3,2,22,3,11,11
91,51,0,2,632,2,21,4,2,3,1,71,3,2,7,4,2,5441,8423,0,1,22,4,4,11,2,1,10,7,1,0
92,30,0,2,1334,2,4,2,3,3,0,63,2,2,7,2,0,5209,19760,1,1,12,3,2,11,4,2,11,8,2,7
93,46,0,1,638,1,1,3,3,3,1,40,2,3,0,1,1,10673,3142,2,1,13,3,3,21,5,2,10,9,9,5
94,32,0,2,1093,2,6,4,3,2,1,87,3,2,7,3,2,5010,24301,1,0,16,3,1,12,0,3,11,8,5,7
95,54,0,2,1217,1,2,4,5,1,0,60,3,3,5,3,1,13549,24001,9,0,12,3,1,16,5,1,4,3,0,3
96,24,0,2,1353,2,3,2,4,1,0,33,3,2,7,3,1,4999,17519,0,0,21,4,1,4,2,2,3,2,0,2
97,28,0,0,120,2,4,3,3,2,1,43,3,2,7,3,1,4221,8863,1,0,15,3,2,5,3,4,5,4,0,4
98,58,0,2,682,2,10,4,3,4,1,37,3,4,7,3,2,13872,24409,0,0,13,3,3,38,1,2,37,10,1,8
100,37,1,2,807,0,6,4,0,3,1,63,3,1,1,1,0,2073,23648,4,1,22,4,4,7,3,3,3,2,0,2
102,20,1,1,871,1,6,3,1,4,0,66,2,1,2,4,2,2926,19783,1,1,18,3,2,1,5,3,1,0,1,0
103,34,0,2,665,1,6,4,4,1,0,41,3,2,6,3,2,4809,12482,1,0,14,3,3,16,3,3,16,13,2,10
104,37,0,0,1040,1,2,2,1,3,1,100,2,2,0,4,0,5163,15850,5,0,14,3,4,17,2,4,1,0,0,0
105,59,0,0,1420,0,2,4,0,3,0,32,2,5,3,4,1,18844,21922,9,0,21,4,4,30,3,3,3,2,2,2
106,50,0,1,1115,1,1,3,1,1,0,73,3,5,5,2,1,18172,9755,3,1,19,3,1,28,1,2,8,3,0,7
108,25,0,2,1280,1,7,1,3,4,1,64,2,1,6,4,1,2889,26897,1,0,11,3,3,2,2,3,2,2,2,1
109,22,0,2,534,1,15,3,3,2,0,59,3,1,2,4,2,2871,23785,1,0,15,3,3,1,5,3,0,0,0,0
110,51,0,1,1456,1,1,4,3,1,0,30,2,3,0,1,2,7484,25796,3,0,20,4,3,23,1,2,13,12,12,8
112,54,0,0,142,0,26,3,0,4,0,30,4,4,3,4,2,17328,13871,2,1,12,3,3,23,3,3,5,3,4,4
113,24,0,2,1127,1,18,1,1,2,1,52,3,1,2,3,1,2774,13257,0,0,12,3,3,6,2,3,5,3,1,2
114,34,0,2,1031,1,6,4,1,3,0,45,2,2,6,2,0,4505,15000,6,0,15,3,3,12,3,3,1,0,0,0
116,34,0,2,1354,1,5,3,3,3,0,45,2,3,3,1,2,11631,5615,2,0,12,3,4,14,6,3,11,10,5,8
117,36,0,1,1467,2,11,2,5,2,0,92,3,3,7,4,1,9738,22952,0,0,14,3,3,10,6,3,9,7,2,8
118,36,0,2,922,1,3,2,1,1,0,39,3,1,2,4,0,2835,2561,5,0,22,4,1,7,2,3,1,0,0,0
119,43,0,1,394,2,26,2,1,3,1,92,3,4,3,4,1,16959,19494,1,1,12,3,4,25,3,4,25,12,4,12
120,30,0,1,1312,1,23,3,1,1,1,96,1,1,6,3,0,2613,22310,1,0,25,4,3,10,2,2,10,7,0,9
121,33,0,0,750,2,22,2,2,3,1,95,3,2,7,2,1,6146,15480,0,0,13,3,1,8,2,4,7,7,0,7
122,56,1,2,441,1,14,4,1,2,0,72,3,1,6,2,1,4963,4510,9,1,18,3,1,7,2,3,5,4,4,3
124,31,1,2,249,2,6,4,1,2,1,76,1,2,7,3,1,6172,20739,4,1,18,3,2,12,3,2,7,7,7,7
125,26,0,2,841,1,6,3,4,3,0,46,2,1,6,2,1,2368,23300,1,0,19,3,3,5,3,2,5,4,4,3
126,58,1,2,147,1,23,4,3,4,0,94,3,3,0,4,1,10312,3465,1,0,12,3,4,40,3,2,40,10,15,6
127,19,1,2,528,2,22,1,2,4,1,50,3,1,8,3,2,1675,26820,1,1,19,3,4,0,2,2,0,0,0,0
129,49,0,2,470,1,20,4,3,3,0,96,3,2,4,1,1,6567,5549,1,0,14,3,3,16,2,2,15,11,5,11
130,43,0,1,957,1,28,3,3,2,0,72,4,1,6,3,2,4739,16090,4,0,12,3,4,18,2,3,3,2,1,2
131,50,0,1,809,2,12,3,2,3,0,77,3,3,7,4,2,9208,6645,4,0,11,3,4,16,3,3,2,2,2,1
132,31,1,2,542,2,20,3,1,2,0,71,1,2,7,3,1,4559,24788,3,1,11,3,3,4,2,3,2,2,2,2
133,41,0,2,802,2,9,1,1,3,1,96,3,3,7,3,0,8189,21196,3,1,13,3,3,12,2,3,9,7,0,7
134,26,0,2,1355,0,25,1,1,3,0,61,3,1,1,3,1,2942,8916,1,0,23,4,4,8,3,3,8,7,5,7
135,36,0,2,216,1,6,2,3,2,1,84,3,2,4,2,0,4941,2819,6,0,20,4,4,7,0,3,3,2,0,1
136,51,1,1,1150,1,8,4,1,1,1,53,1,3,4,4,2,10650,25150,2,0,15,3,4,18,2,3,4,2,0,3
137,39,0,2,1329,2,4,4,1,4,0,47,2,2,7,3,1,5902,14590,4,0,14,3,3,17,1,4,15,11,5,9
138,25,0,2,959,2,28,3,1,1,1,41,2,2,7,3,1,8639,24835,2,0,18,3,4,6,3,3,2,2,2,2
139,30,0,2,1240,0,9,3,0,3,1,48,3,2,1,4,1,6347,13982,0,1,19,3,4,12,2,1,11,9,4,7
140,32,1,2,1033,1,9,3,3,1,0,41,3,1,2,1,2,4200,10224,7,0,22,4,1,10,2,4,5,4,0,4
142,38,0,2,364,1,3,5,5,4,0,32,3,2,6,3,2,4317,2302,3,1,20,4,2,19,2,3,3,2,2,2
143,30,0,2,438,1,18,3,1,1,0,75,3,1,6,3,2,2632,23910,1,0,14,3,3,5,4,2,5,4,0,4
144,32,0,1,689,2,9,2,3,4,1,35,1,2,7,4,0,4668,22812,0,0,17,3,4,9,2,4,8,7,0,7
145,30,0,2,201,1,5,3,5,4,0,84,3,1,6,1,0,3204,10415,5,0,14,3,4,8,3,3,3,2,2,2
146,30,0,2,1427,1,2,1,3,2,1,35,2,1,2,4,2,2720,11162,0,0,13,3,4,6,3,3,5,3,1,2
147,41,0,1,857,1,10,3,1,4,1,91,2,4,3,1,0,17181,12888,4,0,13,3,2,21,2,2,7,6,7,7
148,41,0,2,933,1,9,4,1,3,1,94,3,1,2,1,1,2238,6961,2,0,21,4,4,7,2,3,5,0,1,4
149,19,0,2,1181,1,3,1,3,2,0,79,3,1,2,2,2,1483,16102,1,0,14,3,4,1,3,3,1,0,0,0
150,40,0,1,1395,1,26,3,3,2,0,54,3,2,6,2,0,5605,8504,1,0,11,3,1,20,2,3,20,7,2,13
151,35,0,2,662,2,1,5,2,3,1,94,3,3,7,2,1,7295,11439,1,0,13,3,1,10,3,3,10,8,0,6
152,53,0,2,1436,2,6,2,2,2,1,34,3,2,8,3,1,2306,16047,2,1,20,4,4,13,3,1,7,7,4,5
153,45,0,2,194,1,9,3,1,2,1,60,3,2,2,2,0,2348,10901,8,0,18,3,3,20,2,1,17,9,0,15
154,32,0,1,967,2,8,3,2,2,0,43,3,3,7,4,2,8998,15589,1,0,14,3,4,9,2,3,9,8,3,7
155,29,0,0,1496,1,1,1,5,4,1,41,3,2,4,3,1,4319,26283,1,0,13,3,1,10,1,3,10,7,0,9
156,51,0,2,1169,1,7,4,3,2,1,34,2,2,4,3,1,6132,13983,2,0,17,3,3,10,2,3,1,0,0,0
157,58,0,2,1145,1,9,3,3,2,0,75,2,1,6,2,1,3346,11873,4,1,20,4,2,9,3,2,1,0,0,0
158,40,0,2,630,2,4,4,2,3,1,67,2,3,7,4,1,10855,8552,7,0,11,3,1,15,2,2,12,11,2,11
159,34,0,1,303,2,2,4,2,3,0,75,3,1,8,3,1,2231,11314,6,0,18,3,4,6,3,3,4,3,1,2
160,22,0,2,1256,1,19,1,3,3,1,80,3,1,6,4,1,2323,11992,1,0,24,4,1,2,6,3,2,2,2,2
161,27,0,0,691,1,9,3,3,4,1,57,3,1,6,2,0,2024,5970,6,0,18,3,4,6,1,1,2,2,2,2
162,28,0,2,440,1,21,3,3,3,1,42,3,1,6,4,1,2713,6672,1,0,11,3,3,5,2,1,5,2,0,2
164,27,0,0,1450,1,3,3,3,3,1,79,2,1,6,3,0,2566,25326,1,1,15,3,4,1,2,2,1,1,0,1
165,50,0,2,1452,1,11,3,1,3,0,53,3,5,3,2,2,19926,17053,3,0,15,3,2,21,5,3,5,4,4,4
166,41,0,2,465,1,14,3,1,1,1,56,3,1,6,3,0,2451,4609,4,0,12,3,1,13,2,3,9,8,1,8
167,30,0,2,1339,2,5,3,1,2,0,41,3,3,7,4,1,9419,8053,2,0,12,3,3,12,2,3,10,9,7,4
169,32,0,2,120,1,6,5,1,3,1,43,3,1,6,3,2,3038,12430,3,0,20,4,1,8,2,3,5,4,1,4
170,27,0,2,1157,1,17,3,5,3,1,51,3,1,6,2,1,3058,13364,0,1,16,3,4,6,3,2,5,2,1,1
171,19,1,1,602,2,1,1,5,3,0,100,1,1,8,1,2,2325,20989,0,0,21,4,1,1,5,4,0,0,0,0
172,36,0,1,1480,1,3,2,3,4,1,30,3,1,2,2,2,2088,15062,4,0,12,3,3,13,3,2,8,7,7,2
173,30,0,0,111,1,9,3,3,3,1,66,3,2,2,1,0,3072,11012,1,0,11,3,3,12,4,3,12,9,6,10
174,45,0,2,1268,2,4,2,1,3,0,30,3,2,7,1,0,5006,6319,4,1,11,3,1,9,3,4,5,4,0,3
176,33,0,2,134,1,2,3,1,3,1,90,3,1,6,4,2,2500,10515,0,0,14,3,1,4,2,4,3,1,0,2
177,19,1,2,303,1,2,3,1,2,1,47,2,1,2,4,2,1102,9241,1,0,22,4,3,1,3,2,1,0,1,0
178,46,0,2,526,2,1,2,2,2,0,92,3,3,7,1,0,10453,2137,1,0,25,4,3,24,2,3,24,13,15,7
179,38,0,2,1380,1,9,2,1,3,0,75,3,1,2,4,2,2288,6319,1,0,12,3,3,2,3,3,2,2,2,1
180,31,0,2,140,1,12,1,3,3,0,95,3,1,6,4,1,3929,6984,8,1,23,4,3,7,0,3,4,2,0,2
181,34,0,2,629,1,27,2,3,4,0,95,3,1,6,2,2,2311,5711,2,0,15,3,4,9,3,3,3,2,1,2
182,41,1,2,1356,2,20,2,2,2,0,70,3,1,8,2,2,3140,21728,1,1,22,4,4,4,5,2,4,3,0,2
183,50,0,2,328,1,1,3,3,3,1,86,2,1,2,3,1,3690,3425,2,0,15,3,4,5,2,2,3,2,0,2
185,33,0,2,931,1,14,3,3,4,0,72,3,1,6,2,1,2756,4673,1,0,13,3,4,8,5,3,8,7,1,6
186,40,0,2,989,1,4,1,3,4,0,46,3,5,3,3,1,19033,6499,1,0,14,3,2,21,2,3,20,8,9,9
187,55,0,2,692,1,14,4,3,3,1,61,4,5,5,2,2,18722,13339,8,0,11,3,4,36,3,3,24,15,2,15
188,34,0,1,1069,1,2,1,1,4,1,45,2,2,4,3,1,9547,14074,1,0,17,3,3,10,2,2,10,9,1,9
189,51,0,2,313,1,3,3,3,4,0,98,3,4,0,2,2,13734,7192,3,0,18,3,3,21,6,3,7,7,1,0
190,52,0,2,699,1,1,4,1,3,1,65,2,5,3,3,1,19999,5678,0,0,14,3,1,34,5,3,33,18,11,9
191,27,0,2,894,1,9,3,3,4,0,99,3,1,6,2,2,2279,11781,1,0,16,3,4,7,2,2,7,7,0,3
193,43,0,0,1344,1,7,3,3,4,1,37,4,1,6,4,0,2089,5228,4,0,14,3,4,7,3,4,5,4,2,2
194,45,0,0,1195,1,2,2,3,1,1,65,2,4,3,4,1,16792,20462,9,0,23,4,4,22,1,3,20,8,11,8
195,37,0,2,290,1,21,3,1,2,1,65,4,1,6,1,1,3564,22977,1,1,12,3,1,8,3,2,8,7,1,7
197,42,0,0,926,1,21,2,3,3,0,36,3,2,4,3,0,5265,16439,2,0,16,3,2,11,5,3,5,3,0,2
199,38,0,2,1084,1,29,3,5,4,1,54,3,2,4,4,1,6261,4185,3,0,18,3,1,9,3,1,7,7,1,7
200,27,0,1,472,1,1,1,5,3,1,60,2,2,4,1,1,4298,9679,5,0,19,3,3,6,1,3,2,2,2,0
201,49,0,0,1002,1,18,4,1,4,1,92,3,2,4,4,0,6804,23793,1,1,15,3,1,7,0,3,7,7,1,7
202,34,0,1,878,1,10,4,3,4,1,43,3,1,6,3,0,3815,5972,1,1,17,3,4,5,4,4,5,3,2,0
204,38,1,2,1180,1,29,1,3,2,1,70,3,2,0,1,1,6673,11354,7,1,19,3,2,17,2,3,1,0,0,0
205,29,1,2,121,2,27,3,2,2,0,35,3,3,7,4,1,7639,24525,1,0,22,4,4,10,3,2,10,4,1,9
206,22,0,2,1136,1,5,3,1,4,1,60,4,1,6,2,0,2328,12392,1,1,16,3,1,4,2,2,4,2,2,2
207,36,0,1,635,1,18,1,3,2,0,73,3,1,2,4,2,2153,7703,1,0,13,3,1,8,2,3,8,1,1,7
209,46,0,2,644,1,1,4,3,4,1,97,3,3,0,1,0,9396,12368,7,0,16,3,3,17,3,3,4,2,0,3
210,32,1,2,1045,2,4,4,3,4,1,32,1,3,7,4,1,10400,25812,1,0,11,3,3,14,2,2,14,8,9,8
211,30,0,0,829,1,1,1,1,3,1,88,2,3,4,3,2,8474,20925,1,0,22,4,3,12,2,3,11,8,5,8
212,27,0,1,1242,2,20,3,1,4,0,90,3,2,7,3,2,9981,12916,1,0,14,3,4,7,2,3,7,7,0,7
213,51,0,2,1469,1,8,4,1,2,1,81,2,3,5,2,1,12490,15736,5,0,16,3,4,16,5,1,10,9,4,7
214,30,1,2,1005,1,3,3,5,4,0,88,3,1,6,1,2,2657,8556,5,1,11,3,3,8,5,3,5,2,0,4
215,41,0,2,896,2,6,3,1,4,0,75,3,3,3,4,2,13591,14674,3,1,18,3,3,16,3,3,1,0,0,0
216,30,1,1,334,2,26,4,2,3,0,52,2,2,7,1,2,6696,22967,5,0,15,3,3,9,5,2,6,3,0,1
217,29,1,2,992,1,1,3,5,3,1,85,3,1,6,3,2,2058,19757,0,0,14,3,4,7,1,2,6,2,1,5
219,54,0,2,1147,2,3,3,2,4,0,52,3,2,7,1,1,5940,17011,2,0,14,3,4,16,4,3,6,2,0,5
221,33,0,2,147,1,4,4,3,3,0,47,2,1,6,2,1,2622,13248,6,0,21,4,4,7,3,3,3,2,1,1
222,37,0,1,663,1,11,3,4,2,1,47,3,3,5,4,0,12185,10056,1,1,14,3,3,10,1,3,10,8,0,7
223,38,0,2,119,2,3,3,1,1,1,76,3,3,7,3,0,10609,9647,0,0,12,3,3,17,6,2,16,10,5,13
224,31,0,0,979,1,1,4,3,3,1,90,1,2,4,3,1,4345,4381,0,0,12,3,4,6,2,3,5,4,1,4
225,59,0,2,142,1,3,3,1,3,1,70,2,1,6,4,1,2177,8456,3,0,17,3,1,7,6,3,1,0,0,0
226,37,0,1,319,2,4,4,2,1,1,41,3,1,8,4,0,2793,2539,4,0,17,3,3,13,2,3,9,8,5,8
227,29,0,1,1413,2,1,1,3,2,0,42,3,3,7,4,1,7918,6599,1,0,14,3,4,11,5,3,11,10,4,1
228,35,0,1,944,2,1,3,2,3,0,92,3,3,7,3,2,8789,9096,1,0,14,3,1,10,3,4,10,7,0,8
229,29,1,2,896,1,18,1,3,3,1,86,2,1,6,4,2,2389,14961,1,1,13,3,3,4,3,2,4,3,0,1
230,52,0,2,1323,1,2,3,1,3,0,89,2,1,2,4,2,3212,3300,7,0,15,3,2,6,3,2,2,2,2,2
232,59,0,2,818,0,6,2,3,2,1,52,3,1,1,3,1,2267,25657,8,0,17,3,4,7,2,2,2,2,2,2
234,33,1,2,813,1,14,3,3,3,1,58,3,1,2,4,1,2436,22149,5,1,13,3,3,8,2,1,5,4,0,4
235,43,0,2,1034,2,16,3,2,4,0,80,3,4,3,4,1,16064,7744,5,1,22,4,3,22,3,3,17,13,1,9
238,32,0,2,1401,2,4,2,1,3,0,56,3,1,8,2,1,3931,20990,2,0,11,3,1,6,5,3,4,3,1,2
241,32,0,0,976,2,26,4,2,3,1,100,3,2,7,4,1,4465,12069,0,0,18,3,1,4,2,3,3,2,2,2
242,41,0,2,1411,1,19,2,1,3,1,36,3,2,6,1,0,3072,19877,2,0,16,3,1,17,2,2,1,0,0,0
243,40,0,2,1300,1,24,2,5,1,1,62,3,2,6,4,0,3319,24447,1,0,17,3,1,9,3,3,9,8,4,7
245,31,0,1,1327,1,3,4,3,2,1,73,3,3,5,3,0,13675,13523,9,0,12,3,1,9,3,3,2,2,2,2
246,33,0,2,832,1,5,4,1,3,0,63,2,1,6,4,1,2911,14776,1,0,13,3,3,2,2,2,2,2,0,2
248,37,0,2,1017,1,1,2,3,3,0,83,2,1,6,1,1,3920,18697,2,0,14,3,1,17,2,2,3,1,0,2
249,45,0,1,1199,1,7,4,1,1,1,77,4,2,4,3,1,6434,5118,4,0,17,3,4,9,1,3,3,2,0,2
250,37,1,1,504,1,10,3,3,1,1,61,3,3,4,3,0,10048,22573,6,0,11,3,2,17,5,3,1,0,0,0
251,39,0,1,505,1,2,4,5,3,0,64,3,3,0,3,2,10938,6420,0,0,25,4,4,20,1,3,19,6,11,8
252,29,0,2,665,1,15,3,1,3,1,60,3,1,6,4,2,2340,22673,1,0,19,3,1,6,1,3,6,5,1,5
253,42,0,2,916,1,17,2,1,4,0,82,4,2,6,1,2,6545,23016,3,1,13,3,3,10,1,3,3,2,0,2
254,29,0,2,1247,2,20,2,2,4,1,45,3,2,7,4,0,6931,10732,2,0,14,3,4,10,2,3,3,2,0,2
255,25,0,2,685,1,1,3,1,1,0,62,3,2,4,3,1,4898,7505,0,0,12,3,4,5,3,3,4,2,1,2
256,42,0,2,269,1,2,3,3,4,0,56,2,1,2,1,0,2593,8007,0,1,11,3,3,10,4,3,9,6,7,8
257,40,0,2,1416,1,2,2,3,1,1,49,3,5,5,3,0,19436,5949,0,0,19,3,4,22,5,3,21,7,3,9
258,51,0,2,833,1,1,3,1,3,1,96,3,1,6,4,1,2723,23231,1,0,11,3,2,1,0,2,1,0,0,0
260,32,0,1,1311,1,7,3,1,2,1,100,4,1,2,2,1,2794,26062,1,0,20,4,3,5,3,1,5,1,0,3
262,32,0,2,128,1,2,1,5,4,1,84,2,2,2,1,2,2176,19737,4,0,13,3,4,9,5,3,6,2,0,4
263,46,0,2,488,2,2,3,5,3,0,75,1,4,3,2,1,16872,14977,3,1,12,3,2,28,2,2,7,7,7,7
264,28,1,2,529,1,2,4,1,1,1,79,3,1,2,3,2,3485,14935,2,0,11,3,3,5,5,1,0,0,0,0
265,29,0,2,1210,2,2,3,3,1,1,78,2,2,7,2,1,6644,3687,2,0,19,3,2,10,2,3,0,0,0,0
266,31,0,2,1463,1,23,3,3,2,1,64,2,2,0,4,1,5582,14408,0,0,21,4,2,10,2,3,9,0,7,8
267,25,0,0,675,1,5,2,1,2,1,85,4,2,0,1,0,4000,18384,1,0,12,3,4,6,2,3,6,3,1,5
268,45,0,2,1385,1,20,2,3,3,1,79,3,4,0,4,1,13496,7501,0,1,14,3,2,21,2,3,20,7,4,10
269,36,0,2,1403,1,6,3,1,4,1,47,3,1,2,4,1,3210,20251,0,0,11,3,3,16,4,3,15,13,10,11
272,28,0,2,1158,1,9,3,3,4,1,94,3,1,6,4,1,2070,2613,1,0,23,4,4,5,3,2,5,2,0,4
273,37,0,2,228,2,6,4,3,3,1,98,3,2,7,4,1,6502,22825,4,0,14,3,2,7,5,4,5,4,0,1
276,35,0,2,1315,1,22,3,1,2,0,71,4,3,3,2,0,11996,19100,7,0,18,3,2,10,6,2,7,7,6,2
278,26,0,1,1479,1,1,3,1,3,0,84,3,2,4,2,0,6397,26767,1,0,20,4,1,6,6,1,6,5,1,4
279,50,0,2,797,1,4,1,1,1,1,96,3,5,5,2,0,19144,15815,3,0,14,3,1,28,4,2,10,4,1,6
280,53,0,2,1070,1,3,4,3,3,1,45,3,4,5,3,1,17584,21016,3,1,16,3,4,21,5,2,5,3,1,3
281,42,0,2,635,2,1,1,1,2,1,99,3,2,7,3,1,4907,24532,1,0,25,4,3,20,3,3,20,16,11,6
282,29,0,1,442,2,2,2,1,2,1,44,3,2,7,4,2,4554,20260,1,0,18,3,1,10,3,2,10,7,0,9
283,55,0,2,147,1,20,2,5,2,1,37,3,2,2,4,1,5415,15972,3,1,19,3,4,12,4,3,10,7,0,8
284,26,0,1,496,1,11,2,3,1,1,60,3,2,0,1,1,4741,22722,1,1,13,3,3,5,3,3,5,3,3,3
285,37,0,2,1372,1,1,3,1,4,0,42,3,1,6,4,2,2115,15881,1,0,12,3,2,17,3,3,17,12,5,7
286,44,1,1,920,1,24,3,1,4,1,43,3,1,2,3,0,3161,19920,3,1,22,4,4,19,0,1,1,0,0,0
287,38,0,2,688,1,23,4,1,4,1,82,3,2,0,4,0,5745,18899,9,0,14,3,2,10,2,3,2,2,1,2
288,26,1,2,1449,1,16,4,3,1,1,45,3,1,2,2,0,2373,14180,2,1,13,3,4,5,2,3,3,2,0,2
290,49,0,1,636,1,10,4,1,3,0,35,3,5,5,1,2,18665,25594,9,1,11,3,4,22,4,3,3,2,1,2
291,36,0,2,506,1,3,3,5,3,1,30,3,2,6,2,2,4485,26285,4,0,12,3,4,10,2,3,8,0,7,7
292,31,0,1,444,2,5,3,2,4,0,84,3,1,8,2,0,2789,3909,1,0,11,3,3,2,5,2,2,2,2,2
293,26,1,2,950,2,4,4,2,4,1,48,2,2,7,4,2,5828,8450,1,1,12,3,2,8,0,3,8,7,7,4
294,37,0,1,889,1,9,3,3,2,1,53,3,1,6,4,1,2326,11411,1,1,12,3,3,4,3,2,4,2,1,2
295,42,0,1,555,2,26,3,2,3,0,77,3,4,7,2,1,13525,14864,5,0,14,3,4,23,2,4,20,4,4,8
296,18,1,2,230,1,3,3,1,3,1,54,3,1,2,3,2,1420,25233,1,0,13,3,3,0,2,3,0,0,0,0
298,36,0,1,566,1,18,4,1,3,1,81,4,1,2,4,1,3688,7122,4,0,18,3,4,4,2,3,1,0,0,0
299,51,0,2,1302,1,2,3,3,4,1,84,1,2,4,2,0,5482,16321,5,0,18,3,4,13,3,3,4,1,1,2
300,41,0,2,334,2,2,4,1,4,1,88,3,4,3,2,2,16015,15896,1,0,19,3,2,22,2,3,22,10,0,4
301,18,0,2,812,2,10,3,3,4,0,69,2,1,8,3,2,1200,9724,1,0,12,3,1,0,2,3,0,0,0,0
302,28,0,2,1476,1,16,2,3,2,1,68,4,2,0,1,2,5661,4824,0,0,19,3,3,9,2,3,8,3,0,7
304,39,0,2,1132,1,1,3,3,3,1,48,4,3,0,4,0,9613,10942,0,0,17,3,1,19,5,2,18,10,3,7
305,36,0,0,1105,1,24,4,1,2,0,47,3,2,2,2,1,5674,6927,7,0,15,3,3,11,3,3,9,8,0,8
307,38,0,2,849,1,25,2,1,1,0,81,2,3,5,2,1,12061,26707,3,0,17,3,3,19,2,3,10,8,0,1
308,58,0,0,390,1,1,4,1,4,1,32,1,2,0,3,0,5660,17056,2,1,13,3,4,12,2,3,5,3,1,2
311,45,0,1,1249,1,7,3,1,1,1,97,3,3,2,1,0,5210,20308,1,0,18,3,1,24,2,3,24,9,9,11
312,31,0,2,192,1,2,4,1,3,1,32,3,1,6,4,0,2695,7747,0,1,18,3,2,3,2,1,2,2,2,2
313,33,0,1,553,1,5,4,1,4,0,74,3,3,3,2,1,11878,23364,6,0,11,3,2,12,2,3,10,6,8,8
314,39,0,2,117,1,10,1,3,3,1,99,3,4,3,1,1,17068,5355,1,1,14,3,4,21,3,3,21,9,11,10
315,43,0,1,185,1,10,4,1,3,0,33,3,1,2,4,2,2455,10675,0,0,19,3,1,9,5,3,8,7,1,7
317,52,1,2,723,1,8,4,3,3,1,85,2,2,6,2,1,4941,17747,2,0,15,3,1,11,3,2,8,2,7,7
318,27,0,2,1220,1,5,3,1,3,0,85,3,1,6,2,2,2478,20938,1,1,12,3,2,4,2,2,4,3,1,2
319,32,0,2,588,2,8,2,5,3,0,65,2,2,7,2,1,5228,24624,1,1,11,3,4,13,2,3,13,12,11,9
320,27,0,2,1377,2,2,3,1,4,1,74,3,2,7,3,2,4478,5242,1,1,11,3,1,5,3,3,5,4,0,4
321,31,0,2,691,2,7,3,2,4,1,73,3,2,7,4,0,7547,7143,4,0,12,3,4,13,3,3,7,7,1,7
323,28,1,2,1157,1,2,4,3,1,1,84,1,1,6,4,1,3464,24737,5,1,13,3,4,5,4,2,3,2,2,2
325,31,0,1,798,1,7,2,1,3,0,48,2,3,4,3,1,8943,14034,1,0,24,4,1,10,2,3,10,9,8,9
326,39,0,1,672,1,7,2,3,3,1,54,2,5,3,4,1,19272,21141,1,0,15,3,1,21,2,3,21,9,13,3
327,39,1,2,1162,2,3,2,3,4,0,41,3,2,7,3,1,5238,17778,4,1,18,3,1,12,3,2,1,0,0,0
328,33,0,1,508,2,10,3,2,2,1,46,2,2,7,4,2,4682,4317,3,0,14,3,3,9,6,2,7,7,0,1
329,47,0,2,1482,1,5,5,1,4,1,42,3,5,5,3,1,18300,16375,4,0,11,3,2,21,2,3,3,2,1,1
330,43,0,1,559,1,10,4,1,3,0,82,2,2,2,3,0,5257,6227,1,0,11,3,2,9,3,4,9,7,0,0
331,27,0,0,210,2,1,1,2,3,1,73,3,2,7,2,1,6349,22107,0,1,13,3,4,6,0,3,5,4,1,4
333,43,0,2,1001,1,7,3,1,3,0,43,3,3,0,1,1,9985,9262,8,0,16,3,1,10,1,2,1,0,0,0
334,45,0,2,549,1,8,4,4,4,1,75,3,2,6,4,1,3697,9278,9,0,14,3,1,12,3,3,10,9,9,8
335,40,0,2,1124,2,1,2,3,2,1,57,1,2,7,4,1,7457,13273,2,1,22,4,3,6,2,2,4,3,0,2
336,29,1,2,318,1,8,4,4,2,1,77,1,1,2,1,1,2119,4759,1,1,11,3,4,7,4,2,7,7,0,7
337,29,0,2,738,1,9,5,4,2,1,30,2,1,2,4,2,3983,7621,0,0,17,3,3,4,2,3,3,2,2,2
338,30,0,2,570,2,5,3,2,4,0,30,2,2,7,3,0,6118,5431,1,0,13,3,3,10,2,3,10,9,1,2
340,37,0,2,1192,1,5,2,3,4,1,61,3,2,4,4,0,6347,23177,7,0,16,3,3,8,2,2,6,2,0,4
341,38,0,2,343,1,15,2,1,3,1,92,2,3,5,4,0,11510,15682,0,1,14,3,2,12,3,3,11,10,2,9
343,29,0,2,144,2,10,1,2,4,0,39,2,2,7,2,0,8268,11866,1,1,14,3,1,7,2,3,7,7,1,7
345,23,0,2,1309,1,26,1,1,3,1,83,3,1,6,4,0,2904,16092,1,0,12,3,3,4,2,2,4,2,0,2
346,41,0,2,483,1,6,3,3,4,1,95,2,2,4,2,2,6032,10110,6,1,15,3,4,8,3,3,5,4,1,2
347,47,0,1,1309,2,4,1,3,2,1,99,3,2,8,3,2,2976,25751,3,0,19,3,1,5,3,3,0,0,0,0
348,42,0,2,810,1,23,5,1,1,0,44,3,4,5,4,2,15992,15901,2,0,14,3,2,16,2,3,1,0,0,0
349,29,0,0,746,2,2,3,1,4,1,61,3,2,7,3,1,4649,16928,1,0,14,3,1,4,3,2,4,3,0,2
352,48,0,2,530,2,29,1,3,1,0,91,3,3,3,3,1,12504,23978,3,0,21,4,2,15,3,1,0,0,0,0
355,26,0,2,933,2,1,3,1,3,1,57,3,2,7,3,1,5296,20156,1,0,17,3,2,8,3,3,8,7,7,7
356,42,0,2,1332,1,2,4,4,1,1,98,2,2,0,4,2,6781,17078,3,0,23,4,2,14,6,3,1,0,0,0
357,21,1,1,756,2,1,1,5,1,0,99,2,1,8,2,2,2174,9150,1,1,11,3,3,3,3,3,3,2,1,2
359,36,0,1,541,2,3,4,3,1,1,48,2,3,7,4,1,9699,7246,4,0,11,3,1,16,2,3,13,9,1,12
360,57,0,2,593,1,1,4,3,4,1,88,3,2,0,3,1,6755,2967,2,0,11,3,3,15,2,3,3,2,1,2
362,21,0,0,895,2,9,2,3,1,1,39,3,1,8,4,2,2610,2851,1,0,24,4,3,3,3,2,3,2,2,2
364,37,0,2,921,1,10,3,3,3,0,98,3,1,2,1,1,3452,17663,6,0,20,4,2,17,3,3,5,4,0,3
366,41,1,1,143,2,4,3,2,1,1,56,3,2,7,2,2,9355,9558,1,0,18,3,3,8,5,3,8,7,7,7
368,40,1,2,575,2,22,2,2,3,1,68,2,2,7,3,1,6380,6110,2,1,12,3,1,8,6,3,6,4,1,0
369,31,0,2,408,1,9,4,1,3,1,42,2,1,6,2,2,2657,7551,0,1,16,3,4,3,5,3,2,2,2,2
370,21,1,2,156,2,12,3,1,3,0,90,4,1,8,2,2,2716,25422,1,0,15,3,4,1,0,3,1,0,0,0
372,35,0,2,755,1,9,4,1,3,1,97,2,2,0,2,2,6540,19394,9,0,19,3,3,10,5,3,1,1,0,0
373,27,0,2,1469,1,1,2,3,4,1,82,3,1,2,2,0,3816,17881,1,0,11,3,2,5,2,3,5,2,0,4
375,49,0,2,1261,1,7,3,4,2,1,31,2,3,0,3,2,10965,12066,8,0,24,4,3,26,2,3,5,2,0,0
376,51,0,2,1178,2,14,2,1,3,0,87,3,2,7,4,1,4936,14862,4,0,11,3,3,18,2,2,7,7,0,7
377,36,0,2,329,1,2,3,1,4,0,96,3,1,6,3,1,2543,11868,4,0,13,3,2,6,3,3,2,2,2,2
378,34,1,0,1362,2,19,3,2,1,1,67,4,2,7,4,2,5304,4652,8,1,13,3,2,9,3,2,5,2,0,4
379,55,0,2,1311,1,2,3,1,3,0,97,3,4,3,4,2,16659,23258,2,1,13,3,3,30,2,3,5,4,1,2
380,24,0,2,1371,2,10,4,2,4,0,77,3,2,7,3,0,4260,5915,1,1,12,3,4,5,2,4,5,2,0,3
382,26,1,1,575,1,3,1,5,3,1,73,3,1,6,1,2,3102,6582,0,0,22,4,3,7,2,3,6,4,0,4
383,22,0,2,253,1,11,3,3,1,0,43,3,1,6,2,1,2244,24440,1,0,13,3,4,2,1,3,2,1,1,2
384,36,0,2,164,2,2,2,3,2,1,61,2,3,7,3,1,7596,3809,1,0,13,3,2,10,2,3,10,9,9,0
385,30,1,1,464,1,4,3,5,3,1,40,3,1,6,4,2,2285,3427,9,1,23,4,3,3,4,3,1,0,0,0
386,37,0,2,1107,1,14,3,1,4,0,95,3,1,2,1,0,3034,26914,1,0,12,3,3,18,2,2,18,7,12,17
387,40,0,2,759,2,2,2,2,4,0,46,3,2,7,2,0,5715,22553,7,0,12,3,3,8,5,3,5,4,1,3
388,42,0,2,201,1,1,4,1,2,0,95,3,1,2,1,0,2576,20490,3,0,16,3,2,8,5,3,5,2,1,2
389,37,0,2,1305,1,10,4,1,3,1,49,3,2,4,2,2,4197,21123,2,1,12,3,4,18,2,2,1,0,0,1
390,43,0,2,982,1,12,3,1,1,1,59,2,4,5,2,0,14336,4345,1,0,11,3,3,25,3,3,25,10,3,9
391,40,0,2,555,1,2,3,3,2,0,78,2,2,2,3,1,3448,13436,6,0,22,4,2,20,3,3,1,0,0,0
392,54,0,2,821,1,5,2,3,1,1,86,3,5,5,1,1,19406,8509,4,0,11,3,3,24,4,2,4,2,1,2
393,34,0,0,1381,2,4,4,2,3,0,72,3,2,7,3,1,6538,12740,9,0,15,3,1,6,3,3,3,2,1,2
395,43,0,1,313,1,21,3,3,4,1,61,3,1,2,4,1,2258,15238,7,0,20,4,1,8,1,3,3,2,1,2
396,43,0,2,1473,1,8,4,4,3,0,74,3,2,0,3,0,4522,2227,4,1,14,3,4,8,3,3,5,2,0,2
397,25,0,2,891,2,4,2,1,2,0,99,2,2,7,4,2,4487,12090,1,1,11,3,2,5,3,3,5,4,1,3
399,31,0,2,329,1,1,2,1,4,1,98,2,1,2,1,1,2218,16193,1,0,12,3,3,4,3,3,4,2,3,2
400,39,0,1,1218,1,1,1,1,2,1,52,3,5,3,3,0,19197,8213,1,1,14,3,3,21,3,3,21,8,1,6
401,56,0,1,906,2,6,3,1,3,0,86,4,4,7,1,1,13212,18256,9,0,11,3,4,36,0,2,7,7,7,7
402,30,0,2,1082,2,12,3,5,2,0,83,3,2,7,3,2,6577,19558,0,0,11,3,2,6,6,3,5,4,4,4
403,41,0,2,645,2,1,3,2,2,1,49,4,3,7,1,1,8392,19566,1,0,16,3,3,10,2,3,10,7,0,7
404,28,0,2,1300,1,17,2,3,3,1,79,3,2,2,1,0,4558,13535,1,0,12,3,4,10,2,3,10,0,1,8
406,52,0,2,319,1,3,3,3,4,1,39,2,3,4,3,1,7969,19609,2,1,14,3,3,28,4,3,5,4,0,4
407,45,0,2,192,1,10,2,1,1,1,69,3,1,6,4,1,2654,9655,3,0,21,4,4,8,3,2,2,2,0,2
408,52,0,2,1490,1,4,2,1,4,0,30,3,4,3,4,1,16555,10310,2,0,13,3,4,31,2,1,5,2,1,4
409,42,0,1,532,1,29,2,1,1,0,92,3,2,6,3,0,4556,12932,2,0,11,3,2,19,3,3,5,4,0,2
410,30,0,2,317,1,2,3,1,3,0,43,1,2,4,4,2,6091,24793,2,0,20,4,3,11,2,3,5,4,0,2
412,46,0,2,1485,1,18,3,3,3,0,87,3,2,4,3,0,4810,26314,2,0,14,3,3,19,5,2,10,7,0,8
413,42,0,1,1368,1,28,4,5,4,0,88,2,2,0,4,1,4523,4386,0,0,11,3,4,7,4,4,6,5,0,4
414,24,1,2,1448,2,1,1,5,1,0,62,3,1,8,2,2,3202,21972,1,1,16,3,2,6,4,3,5,3,1,4
417,40,0,2,1398,2,2,4,1,3,0,79,3,5,3,3,1,18041,13022,0,0,14,3,4,21,2,3,20,15,1,12
418,26,0,2,1349,1,23,3,1,1,0,90,3,1,6,4,0,2886,3032,1,0,22,4,2,3,3,1,3,2,0,2
419,30,0,0,1400,1,3,3,1,3,1,53,3,1,2,4,1,2097,16734,4,0,15,3,3,9,3,1,5,3,1,4
420,29,0,2,986,1,3,4,3,2,1,93,2,3,5,3,1,11935,21526,1,0,18,3,3,10,2,3,10,2,0,7
421,29,1,2,408,1,25,5,5,3,0,71,2,1,6,2,1,2546,18300,5,0,16,3,2,6,2,4,2,2,1,1
424,57,0,2,210,2,29,3,2,1,1,56,2,4,3,4,0,14118,22102,3,0,12,3,3,32,3,2,1,0,0,0
431,54,0,2,548,1,8,4,1,3,0,42,3,2,2,3,2,3780,23428,7,0,11,3,3,19,3,3,1,0,0,0
434,31,0,2,1274,1,9,1,1,3,1,33,3,3,4,2,0,10648,14394,1,0,25,4,4,13,6,4,13,8,0,8
435,33,1,2,1277,1,15,1,3,2,1,56,3,3,3,3,1,13610,24619,7,1,12,3,4,15,2,4,7,6,7,7
436,33,1,2,587,1,10,1,3,1,1,38,1,1,2,4,0,3408,6705,7,0,13,3,1,8,2,3,4,3,1,3
437,30,0,2,413,2,7,1,2,4,1,57,3,1,8,2,2,2983,18398,0,0,14,3,1,4,3,3,3,2,1,2
438,35,0,2,1276,1,16,3,1,4,1,72,3,3,0,3,1,7632,14295,4,1,12,3,3,10,2,3,8,7,0,0
440,34,1,1,988,0,23,3,0,2,0,43,3,3,1,1,0,9950,11533,9,1,15,3,3,11,2,3,3,2,0,2
441,42,0,1,1474,1,5,2,4,2,1,97,3,1,2,3,1,2093,9260,4,0,17,3,4,8,4,3,2,2,2,0
442,36,0,0,635,2,10,4,3,2,1,32,3,3,7,4,2,9980,15318,1,0,14,3,4,10,3,2,10,3,9,7
443,22,1,1,1368,1,4,1,5,3,1,99,2,1,2,3,2,3894,9129,5,0,16,3,3,4,3,3,2,2,1,2
444,48,0,2,163,2,2,5,2,2,0,37,3,2,7,4,1,4051,19658,2,0,14,3,1,14,2,3,9,7,6,7
445,55,0,2,1117,2,18,5,1,1,0,83,3,4,3,2,2,16835,9873,3,0,23,4,4,37,2,3,10,9,7,7
446,41,0,0,267,2,10,2,1,4,1,56,3,2,7,4,2,6230,13430,7,0,14,3,4,16,3,3,14,3,1,10
447,35,0,2,619,2,1,3,2,2,1,85,3,2,7,3,1,4717,18659,9,0,11,3,3,15,2,3,11,9,6,9
448,40,0,2,302,1,6,3,1,2,0,75,3,4,4,3,2,13237,20364,7,0,15,3,3,22,3,3,20,6,5,13
449,39,0,1,443,1,8,1,1,3,0,48,3,1,2,3,1,3755,17872,1,0,11,3,1,8,3,3,8,3,0,7
450,31,0,2,828,2,2,1,1,2,1,77,3,2,7,4,2,6582,8346,4,1,13,3,3,10,2,4,6,5,0,5
452,45,0,2,561,2,2,3,4,4,1,61,3,2,7,2,1,4805,16177,0,0,19,3,2,9,3,4,8,7,3,7
453,26,1,1,426,0,17,4,1,2,0,58,3,1,1,3,0,2741,22808,0,1,11,3,2,8,2,2,7,7,1,0
454,29,0,2,232,1,19,3,5,4,1,34,3,2,4,4,0,4262,22645,4,0,12,3,2,8,2,4,3,2,1,2
455,33,0,2,922,1,1,5,3,1,0,95,4,4,5,3,0,16184,22578,4,0,19,3,3,10,2,3,6,1,0,5
456,31,0,2,688,2,7,3,1,3,1,44,2,3,3,4,0,11557,25291,9,0,21,4,3,10,3,2,5,4,0,1
457,18,1,1,1306,2,5,3,2,2,1,69,3,1,8,2,2,1878,8059,1,1,14,3,4,0,3,3,0,0,0,0
458,40,0,0,1094,2,28,3,4,3,1,58,1,3,7,1,0,10932,11373,3,0,15,3,3,20,2,3,1,0,0,1
459,41,0,0,509,1,2,4,4,1,0,62,2,2,0,3,2,6811,2112,2,1,17,3,1,10,3,3,8,7,0,7
460,26,0,2,775,2,29,2,3,1,1,45,3,2,7,3,0,4306,4267,5,0,12,3,1,8,5,3,0,0,0,0
461,35,0,2,195,2,1,3,3,1,0,80,3,2,7,3,2,4859,6698,1,0,16,3,4,5,3,3,5,4,0,3
463,26,1,2,471,1,24,3,5,3,1,66,1,1,2,4,2,2340,23213,1,1,18,3,2,1,3,1,1,0,0,0
465,46,0,1,1034,1,18,1,3,1,0,86,3,3,0,3,1,10527,8984,5,0,11,3,4,28,3,2,2,2,1,2
466,41,0,2,1276,2,2,5,1,2,0,91,3,4,3,1,1,16595,5626,7,0,16,3,2,22,2,3,18,16,11,8
467,37,0,0,142,2,9,4,3,1,1,69,3,3,7,2,0,8834,24666,1,0,13,3,4,9,6,3,9,5,7,7
468,52,0,2,956,1,6,2,5,4,1,78,3,2,6,1,0,5577,22087,3,1,12,3,2,18,3,3,10,9,6,9
469,32,1,0,1474,2,11,4,4,4,1,60,4,2,7,3,1,4707,23914,8,0,12,3,4,6,2,3,4,2,1,2
470,24,0,1,535,2,24,3,3,4,1,38,3,1,8,4,1,2400,5530,0,0,13,3,3,3,3,3,2,2,2,1
471,38,0,2,1495,1,10,3,3,3,0,76,3,2,0,3,1,9824,22174,3,0,19,3,3,18,4,3,1,0,0,0
472,37,0,2,446,1,1,4,1,2,0,65,3,2,4,2,1,6447,15701,6,0,12,3,2,8,2,2,6,5,4,3
473,49,0,2,1245,1,18,4,1,4,1,58,2,5,5,3,0,19502,2125,1,1,17,3,3,31,5,3,31,9,0,9
474,24,0,2,691,1,23,3,3,2,1,89,4,1,6,4,1,2725,21630,1,1,11,3,2,6,3,3,6,5,1,4
475,26,0,2,703,2,28,2,2,1,1,66,3,2,7,2,1,6272,7428,1,0,20,4,4,6,5,4,5,3,1,4
476,24,0,2,823,1,17,2,4,4,1,94,2,1,2,2,1,2127,9100,1,0,21,4,4,1,2,3,1,0,0,0
477,50,0,1,1246,0,3,3,3,1,1,99,3,5,3,2,1,18200,7999,1,0,11,3,3,32,2,3,32,5,10,7
480,30,1,1,448,2,12,4,1,2,1,74,2,1,8,1,1,2033,14470,1,0,18,3,3,1,2,4,1,0,0,0
481,34,0,2,254,1,1,2,1,2,1,83,2,1,6,4,1,3622,22794,1,1,13,3,4,6,3,3,6,5,1,3
483,35,0,2,538,1,25,2,4,1,1,54,2,2,2,4,2,3681,14004,4,0,14,3,4,9,3,3,3,2,0,2
484,31,0,2,525,2,6,4,3,1,1,66,4,2,7,4,0,5460,6219,4,0,22,4,4,13,4,4,7,7,5,7
485,27,0,2,798,1,6,4,3,1,0,66,2,1,6,3,0,2187,5013,0,0,12,3,3,6,5,2,5,3,0,3
487,20,0,2,959,1,1,3,1,4,0,83,2,1,6,2,2,2836,11757,1,0,13,3,4,1,0,4,1,0,0,0
488,42,0,2,622,1,2,4,1,3,0,81,3,2,0,4,1,4089,5718,1,0,13,3,2,10,4,3,10,2,2,2
489,43,0,2,782,1,6,4,4,2,1,50,2,4,5,4,0,16627,2671,4,1,14,3,3,21,3,2,1,0,0,0
490,38,0,2,362,1,1,1,1,3,0,43,3,1,6,1,2,2619,14561,3,0,17,3,4,8,3,2,0,0,0,0
491,43,0,1,1001,1,9,5,3,4,1,72,3,2,2,3,0,5679,19627,3,1,13,3,2,10,3,3,8,7,4,7
492,48,0,2,1236,1,1,4,1,4,0,40,2,4,3,1,1,15402,17997,7,0,11,3,1,21,3,1,3,2,0,2
495,27,1,2,1420,2,2,1,2,3,1,85,3,1,8,1,0,3041,16346,0,0,11,3,2,5,3,3,4,3,0,2
496,21,0,2,1343,2,22,1,5,3,1,49,3,1,8,3,2,3447,24444,1,0,11,3,3,3,2,3,3,2,1,2
498,22,0,2,604,1,6,1,3,1,1,69,3,1,6,3,1,2773,12145,0,0,20,4,4,3,3,3,2,2,2,2
499,33,0,2,1216,2,8,4,2,3,1,39,3,2,7,3,0,7104,20431,0,0,12,3,4,6,3,3,5,0,1,2
500,32,0,2,646,1,9,4,1,1,0,92,3,2,6,4,1,6322,18089,1,1,12,3,4,6,2,2,6,4,0,5
501,30,0,1,160,1,3,3,3,3,0,71,3,1,6,3,0,2083,22653,1,0,20,4,3,1,2,3,1,0,0,0
502,53,0,2,238,2,1,1,3,4,0,34,3,2,7,1,2,8381,7507,7,0,20,4,4,18,2,4,14,7,8,10
503,34,0,2,1397,1,1,5,1,2,1,42,3,1,6,4,1,2691,7660,1,0,12,3,4,10,4,2,10,9,8,8
504,45,1,1,306,2,26,4,1,1,0,100,3,2,7,1,1,4286,5630,2,0,14,3,4,5,4,3,1,1,0,0
505,26,0,2,991,1,6,3,1,3,0,71,3,1,2,4,1,2659,17759,1,1,13,3,3,3,2,3,3,2,0,2
507,29,0,2,1176,2,3,2,3,2,0,62,3,2,7,3,1,5561,3487,1,0,14,3,1,6,5,2,6,0,1,2
508,35,0,2,1017,1,6,4,1,2,1,82,1,2,6,4,2,6646,19368,1,0,13,3,2,17,3,3,17,11,11,8
509,33,0,1,1296,1,6,3,1,3,1,30,3,2,0,4,0,7725,5335,3,0,23,4,3,15,2,1,13,11,4,7
510,54,0,2,397,0,19,4,3,3,1,88,3,3,1,2,1,10725,6729,2,0,15,3,3,16,1,4,9,7,7,1
511,36,0,2,913,1,9,2,3,2,1,48,2,2,4,2,0,8847,13934,2,1,11,3,3,13,2,3,3,2,0,2
512,27,0,2,1115,1,3,4,3,1,1,54,2,1,6,4,2,2045,15174,0,0,13,3,4,5,0,3,4,2,1,1
513,20,1,2,1362,1,10,1,3,4,1,32,3,1,6,3,2,1009,26999,1,1,11,3,4,1,5,3,1,0,1,1
514,33,1,1,1076,1,3,3,1,1,1,70,3,1,6,1,2,3348,3164,1,1,11,3,1,10,3,3,10,8,9,7
515,35,0,0,727,1,3,3,1,3,1,41,2,1,2,3,1,1281,16900,1,0,18,3,3,1,3,3,1,0,0,0
516,23,0,2,885,1,4,3,3,1,1,58,4,1,6,1,1,2819,8544,2,0,16,3,1,5,3,4,3,2,0,2
517,25,0,2,810,2,8,3,1,4,1,57,4,2,7,2,1,4851,15678,0,0,22,4,3,4,4,3,3,2,1,2
518,38,0,2,243,2,7,4,2,4,0,46,2,2,7,4,2,4028,7791,0,0,20,4,1,8,2,3,7,7,0,5
519,29,0,1,806,1,1,4,1,2,1,76,1,1,6,4,0,2720,18959,1,0,18,3,4,10,5,3,10,7,2,8
520,48,0,2,817,2,2,1,2,2,1,56,4,2,7,2,1,8120,18597,3,0,12,3,4,12,3,3,2,2,2,2
521,27,0,1,1410,2,3,1,3,4,0,71,4,2,7,4,0,4647,16673,1,1,20,4,2,6,3,3,6,5,0,4
523,50,0,2,1207,1,28,1,3,4,1,74,4,1,2,3,1,3221,3297,1,1,11,3,3,20,3,3,20,8,3,8
524,34,0,2,1442,1,9,3,3,4,0,46,2,3,0,2,2,8621,17654,1,0,14,3,2,9,3,4,8,7,7,7
525,24,1,2,693,2,3,2,1,1,0,65,3,2,7,3,2,4577,24785,9,0,14,3,1,4,3,3,2,2,2,0
527,32,0,2,929,2,10,3,2,4,1,55,3,2,7,4,2,5396,21703,1,0,12,3,4,10,2,2,10,7,0,8
529,38,0,2,827,1,1,4,1,2,0,33,4,2,0,4,2,7625,19383,0,0,13,3,3,10,4,2,9,7,1,8
530,27,0,2,608,1,1,2,1,3,0,68,3,3,4,1,1,7412,6009,1,0,11,3,4,9,3,3,9,7,0,7
531,32,0,2,1018,1,3,2,1,3,0,39,3,3,5,4,2,11159,19373,3,0,15,3,4,10,6,3,7,7,7,7
532,47,0,2,703,2,14,4,2,4,1,42,3,2,7,1,2,4960,11825,2,0,12,3,4,20,2,3,7,7,1,7
533,40,0,1,580,2,5,4,1,4,1,48,2,3,7,1,1,10475,23772,5,1,21,4,3,20,2,3,18,13,1,12
536,60,0,2,1179,2,16,4,2,1,1,84,3,2,7,1,2,5405,11924,8,0,14,3,4,10,1,3,2,2,2,2
537,27,0,1,294,1,10,2,1,4,1,32,3,3,4,1,0,8793,4809,1,0,21,4,3,9,4,2,9,7,1,7
539,50,0,2,316,2,8,4,2,4,1,54,3,1,8,2,1,3875,9983,7,0,15,3,4,4,2,3,2,2,2,2
540,28,1,2,654,1,1,2,1,1,0,67,1,1,6,2,2,2216,3872,7,1,13,3,4,10,4,3,7,7,3,7
541,36,0,0,427,1,8,3,1,1,0,63,4,3,5,1,1,11713,20335,9,0,14,3,1,10,2,3,8,7,0,5
542,38,0,2,168,1,1,3,1,3,0,81,3,3,4,3,2,7861,15397,4,1,14,3,4,10,4,4,1,0,0,0
544,47,0,1,217,2,3,3,3,4,0,49,3,4,7,3,0,13770,10225,9,1,12,3,4,28,2,2,22,2,11,13
545,30,0,2,501,2,27,5,2,3,1,99,3,2,7,4,0,5304,25275,7,0,23,4,4,10,2,2,8,7,7,7
546,29,0,2,1396,2,10,3,1,3,1,99,3,1,8,3,2,2642,2755,1,0,11,3,3,1,6,3,1,0,0,0
547,42,1,1,933,1,19,3,3,3,1,57,4,1,6,3,0,2759,20366,6,1,12,3,4,7,2,3,2,2,2,2
548,43,0,1,775,2,15,3,1,4,1,47,2,2,7,4,1,6804,23683,3,0,18,3,3,7,5,3,2,2,2,2
550,23,0,2,650,1,9,1,3,2,1,37,3,1,2,1,1,2500,4344,1,0,14,3,4,5,2,4,4,3,0,2
552,56,0,2,832,1,9,3,3,3,1,81,3,4,0,4,1,11103,20420,7,0,11,3,3,30,1,2,10,7,1,1
553,40,0,2,804,1,2,1,3,4,0,86,2,1,6,4,2,2342,22929,0,1,20,4,4,5,2,2,4,2,2,3
554,27,0,2,975,1,7,3,3,4,0,55,2,2,0,1,2,6811,23398,8,0,19,3,1,9,2,1,7,6,0,7
555,29,0,2,1090,2,10,3,2,4,1,83,3,1,8,2,0,2297,17967,1,0,14,3,4,2,2,3,2,2,2,2
556,53,0,2,346,1,6,3,1,4,1,86,3,2,2,4,2,2450,10919,2,0,17,3,4,19,4,3,2,2,2,2
557,35,0,0,1225,1,2,4,1,4,0,61,3,2,0,1,0,5093,4761,2,0,11,3,1,16,2,4,1,0,0,0
558,32,0,1,430,1,24,4,1,1,1,80,3,2,2,4,1,5309,21146,1,0,15,3,4,10,2,3,10,8,4,7
559,38,0,2,268,1,2,5,3,4,1,92,3,1,6,3,1,3057,20471,6,1,13,3,2,6,0,1,1,0,0,1
561,52,0,2,621,2,3,4,2,3,1,31,2,4,3,1,1,16856,10084,1,0,11,3,1,34,3,4,34,6,1,16
562,33,1,2,527,1,1,4,4,4,1,63,3,1,6,4,2,2686,5207,1,1,13,3,3,10,2,2,10,9,7,8
563,25,0,2,883,2,26,1,3,3,0,32,3,2,7,4,2,6180,22807,1,0,23,4,2,6,5,2,6,5,1,4
564,45,0,2,954,2,2,2,5,2,1,46,1,2,8,3,2,6632,12388,0,0,13,3,1,9,3,3,8,7,3,1
565,23,0,2,310,1,10,1,3,1,1,79,4,1,6,3,2,3505,19630,1,0,18,3,4,2,3,3,2,2,0,2
566,47,1,1,719,2,27,2,1,2,0,77,4,2,7,3,2,6397,10339,4,1,12,3,4,8,2,3,5,4,1,3
568,55,1,2,725,1,2,3,3,4,1,78,3,5,3,1,1,19859,21199,5,1,13,3,4,24,2,3,5,2,1,4
569,36,0,0,1434,2,8,4,1,1,1,76,2,3,7,1,2,7587,14229,1,0,15,3,2,10,1,3,10,7,0,9
571,26,0,1,575,1,1,2,1,1,0,71,1,1,2,4,0,4364,5288,3,0,14,3,1,5,2,3,2,2,2,0
572,29,0,2,657,1,27,3,3,2,0,66,3,2,0,3,1,4335,25549,4,0,12,3,1,11,3,2,8,7,1,1
574,34,0,2,182,1,1,4,1,2,0,72,4,1,6,4,2,3280,13551,2,0,16,3,3,10,2,3,4,2,1,3
575,54,0,2,376,1,19,4,3,4,0,95,3,2,4,1,0,5485,22670,9,1,11,3,2,9,4,3,5,3,1,4
576,27,0,1,829,2,8,1,2,3,1,84,3,2,7,4,1,4342,24008,0,0,19,3,2,5,3,3,4,2,1,1
577,37,0,2,571,1,10,1,1,4,0,82,3,1,6,1,0,2782,19905,0,1,13,3,2,6,3,2,5,3,4,3
579,34,0,2,121,1,2,4,3,3,0,86,2,1,6,1,2,4381,7530,1,0,11,3,3,6,3,3,6,5,1,3
580,35,0,2,384,2,8,4,1,1,0,72,3,1,8,4,1,2572,20317,1,0,16,3,2,3,1,2,3,2,0,2
581,30,0,2,921,1,1,3,1,4,1,38,1,1,2,3,1,3833,24375,3,0,21,4,3,7,2,3,2,2,0,2
585,23,1,2,1243,1,6,3,1,3,1,63,4,1,2,1,1,1601,3445,1,1,21,4,3,1,2,3,0,0,0,0
586,24,0,0,1092,1,9,3,1,3,1,60,2,1,2,2,0,2694,26551,1,0,11,3,3,1,4,3,1,0,0,0
587,52,0,2,1325,1,11,4,1,4,0,82,3,2,2,3,1,3149,21821,8,0,20,4,2,9,3,3,5,2,1,4
589,29,1,2,805,1,1,2,1,2,0,36,2,1,2,1,1,2319,6689,1,1,11,3,4,1,1,3,1,0,0,0
590,33,0,2,213,1,7,3,3,3,1,49,3,3,5,3,1,11691,25995,0,0,11,3,4,14,3,4,13,9,3,7
592,47,0,2,202,1,2,2,4,3,0,33,3,4,3,4,1,16752,12982,1,1,11,3,3,26,3,2,26,14,3,0
593,36,0,2,676,1,1,3,4,3,0,35,3,2,4,2,1,5228,23361,0,0,15,3,1,10,2,3,9,7,0,5
594,29,0,2,1252,1,23,2,1,3,1,81,4,1,6,3,1,2700,23779,1,0,24,4,3,10,3,3,10,7,0,7
595,58,1,2,286,1,2,4,1,4,1,31,3,5,5,2,2,19246,25761,7,1,12,3,4,40,2,3,31,15,13,8
596,35,0,2,1258,1,1,4,1,4,0,40,4,1,6,3,2,2506,13301,3,0,13,3,3,7,0,3,2,2,2,2
597,42,0,2,932,1,1,2,1,4,0,43,2,2,4,4,1,6062,4051,9,1,13,3,4,8,4,3,4,3,0,2
598,28,1,2,890,1,2,4,3,3,1,46,3,1,6,3,2,4382,16374,6,0,17,3,4,5,3,2,2,2,2,1
599,36,0,2,1041,0,13,3,0,3,1,36,3,1,1,2,1,2143,25527,4,0,13,3,2,8,2,3,5,2,0,4
600,32,0,2,859,1,4,3,1,3,0,98,2,2,4,3,1,6162,19124,1,0,12,3,3,14,3,3,14,13,6,8
603,45,0,2,252,1,2,3,1,2,0,95,2,1,6,3,2,2274,6153,1,0,14,3,4,1,3,3,1,0,0,0
604,42,0,2,933,1,29,3,1,2,1,98,3,2,4,2,1,4434,11806,1,0,13,3,4,10,3,2,9,8,7,8
605,38,0,1,471,1,12,3,1,1,1,45,2,2,0,1,0,6288,4284,2,0,15,3,3,13,3,2,4,3,1,2
606,34,0,1,702,1,16,4,1,3,0,100,2,1,6,4,2,2553,8306,1,0,16,3,3,6,3,3,5,2,1,3
608,55,1,2,436,2,2,1,3,3,1,37,3,2,7,4,2,5160,21519,4,0,16,3,3,12,3,2,9,7,7,3
609,43,0,2,589,1,14,2,1,2,1,94,3,4,5,1,1,17159,5200,6,0,24,4,3,22,3,3,4,1,1,0
610,27,0,2,269,1,5,1,5,3,1,42,2,3,5,4,0,12808,8842,1,1,16,3,2,9,3,3,9,8,0,8
611,35,0,2,950,1,7,3,4,3,1,59,3,3,4,3,2,10221,18869,3,0,21,4,2,17,3,4,8,5,1,6
612,28,0,2,760,2,2,4,2,2,0,81,3,2,7,2,1,4779,3698,1,1,20,4,1,8,2,3,8,7,7,5
613,34,0,2,829,0,3,2,0,3,1,88,3,1,1,4,1,3737,2243,0,0,19,3,3,4,1,1,3,2,0,2
614,26,1,1,887,1,5,2,3,3,0,88,2,1,6,3,1,2366,20898,1,1,14,3,1,8,2,3,8,7,1,7
616,51,0,2,1318,2,26,4,2,1,0,66,3,4,3,3,1,16307,5594,2,0,14,3,3,29,2,2,20,6,4,17
618,25,0,2,180,1,2,1,3,1,1,65,4,1,6,1,2,3424,21632,7,0,13,3,3,6,3,2,4,3,0,1
620,35,0,2,1343,1,27,1,3,3,0,53,2,1,6,1,2,2559,17852,1,0,11,3,4,6,3,2,6,5,1,1
621,36,0,2,928,2,1,2,1,2,1,56,3,2,7,4,1,6201,2823,1,1,14,3,4,18,1,2,18,14,4,11
622,32,0,2,117,2,13,4,1,2,1,73,3,2,7,4,0,4403,9250,2,0,11,3,3,8,3,2,5,2,0,3
623,30,0,1,1012,1,5,4,1,2,1,75,2,1,6,4,0,3761,2373,9,0,12,3,2,10,3,2,5,4,0,3
624,53,0,2,661,2,7,2,2,1,0,78,2,3,7,4,1,10934,20715,7,1,18,3,4,35,3,3,5,2,0,4
625,45,0,2,930,2,9,3,2,4,1,74,3,3,7,1,0,10761,19239,4,1,12,3,3,18,2,3,5,4,0,2
627,52,0,1,890,1,25,4,3,3,0,81,2,4,4,4,1,13826,19028,3,0,22,4,3,31,3,3,9,8,0,0
629,28,0,2,1169,0,8,2,3,2,1,63,2,1,1,4,0,4936,23965,1,0,13,3,4,6,6,3,5,1,0,4
630,22,0,2,1230,1,1,2,1,4,1,33,2,2,4,4,1,4775,19146,6,0,22,4,1,4,2,1,2,2,2,2
631,44,0,2,986,1,8,4,1,1,1,62,4,1,2,4,1,2818,5044,2,1,24,4,3,10,2,2,3,2,0,2
632,42,0,1,1271,1,2,1,3,2,1,35,3,1,6,4,2,2515,9068,5,1,14,3,4,8,2,3,2,1,2,2
633,36,0,2,1278,0,8,3,1,1,1,77,2,1,1,1,1,2342,8635,0,0,21,4,3,6,3,3,5,4,0,3
634,25,0,2,141,2,3,1,4,3,1,98,3,2,7,1,1,4194,14363,1,1,18,3,4,5,3,3,5,3,0,3
635,35,0,2,607,1,9,3,1,4,0,66,2,3,4,3,1,10685,23457,1,1,20,4,2,17,2,3,17,14,5,15
636,35,1,1,130,1,25,4,1,4,0,96,3,1,6,2,0,2022,16612,1,1,19,3,1,10,3,2,10,2,7,8
637,32,0,0,300,1,1,3,1,4,1,61,3,1,2,4,0,2314,9148,0,0,12,3,2,4,2,3,3,0,0,2
638,25,0,2,583,2,4,1,2,3,1,87,2,2,7,1,1,4256,18154,1,0,12,3,1,5,1,4,5,2,0,3
639,49,0,2,1418,1,1,3,5,3,0,36,3,1,6,1,1,3580,10554,2,0,16,3,2,7,2,3,4,2,0,2
640,24,0,0,1269,1,4,1,1,1,1,46,2,1,2,4,1,3162,10778,0,0,17,3,4,6,2,2,5,2,3,4
641,32,0,1,379,2,5,2,1,2,1,48,3,2,7,2,1,6524,8891,1,0,14,3,4,10,3,3,10,8,5,3
642,38,0,2,395,2,9,3,2,2,1,98,2,1,8,2,1,2899,12102,0,0,19,3,4,3,3,3,2,2,1,2
643,42,0,2,1265,1,3,3,1,3,0,95,4,2,2,4,1,5231,23726,2,1,13,3,2,17,1,2,5,3,1,3
644,31,0,2,1222,1,11,4,1,4,1,48,3,1,6,4,1,2356,14871,3,1,19,3,2,8,2,3,6,4,0,2
645,29,1,2,341,2,1,3,3,2,0,48,2,1,8,3,0,2800,23522,6,1,19,3,3,5,3,3,3,2,0,2
646,53,0,2,868,2,8,3,2,1,1,73,3,4,7,4,1,11836,22789,5,0,14,3,3,28,3,3,2,0,2,2
647,35,0,2,672,1,25,3,5,4,1,78,2,3,4,2,1,10903,9129,3,0,16,3,1,16,2,3,13,10,4,8
648,37,0,1,1231,2,21,2,3,3,0,54,3,1,8,4,1,2973,21222,5,0,15,3,2,10,3,3,5,4,0,0
649,53,0,2,102,1,23,4,1,4,0,72,3,4,5,4,2,14275,20206,6,0,18,3,3,33,0,3,12,9,3,8
650,43,0,1,422,1,1,3,1,4,0,33,3,2,0,4,1,5562,21782,4,0,13,3,2,12,2,2,5,2,2,2
652,37,0,0,1252,2,19,2,3,1,1,32,3,3,7,2,2,7642,4814,1,1,13,3,4,10,2,3,10,0,0,9
653,50,0,0,881,1,2,4,1,1,1,98,3,4,3,1,0,17924,4544,1,0,11,3,4,31,3,3,31,6,14,7
654,39,0,2,1383,0,2,3,1,4,0,42,2,2,1,4,1,5204,7790,8,0,11,3,3,13,2,3,5,4,0,4
655,33,0,2,1075,0,3,2,0,4,1,57,3,1,1,2,0,2277,22650,3,1,11,3,3,7,4,4,4,3,0,3
656,32,1,2,374,1,25,4,1,1,1,87,3,1,2,4,2,2795,18016,1,1,24,4,3,1,2,1,1,0,0,1
657,29,0,2,1086,1,7,1,3,1,0,62,2,1,2,4,0,2532,6054,6,0,14,3,3,8,5,3,4,3,0,3
658,44,0,2,661,1,9,2,1,2,1,61,3,1,6,1,1,2559,7508,1,1,13,3,4,8,0,3,8,7,7,1
659,28,0,2,821,2,5,4,3,1,1,98,3,2,7,4,2,4908,24252,1,0,14,3,2,4,3,3,4,2,0,2
660,58,1,1,781,1,2,1,1,4,1,57,2,1,2,4,0,2380,13384,9,1,14,3,4,3,3,2,1,0,0,0
662,20,1,2,500,2,2,3,3,3,0,49,2,1,8,3,2,2044,22052,1,0,13,3,4,2,3,2,2,2,0,2
663,21,1,2,1427,1,18,1,4,4,0,65,3,1,6,4,2,2693,8870,1,0,19,3,1,1,3,2,1,0,0,0
664,36,0,2,1425,1,14,1,1,3,1,68,3,2,0,4,1,6586,4821,0,1,17,3,1,17,2,2,16,8,4,11
666,22,1,2,617,1,3,1,1,2,0,34,3,2,4,3,1,4171,10022,0,1,19,3,1,4,3,4,3,2,0,2
667,41,1,2,1085,1,2,4,1,2,0,57,1,1,2,4,0,2778,17725,4,1,13,3,3,10,1,2,7,7,1,0
668,28,0,2,995,1,9,3,3,3,0,77,3,1,6,3,0,2377,9834,5,0,18,3,2,6,2,3,2,2,2,2
669,39,1,2,1122,1,6,3,3,4,1,70,3,1,2,1,1,2404,4303,7,1,21,4,4,8,2,1,2,2,2,2
671,34,0,2,546,1,10,3,1,2,1,83,3,1,2,2,0,2008,6896,1,0,14,3,2,1,3,3,1,0,1,0
672,42,0,2,462,2,14,2,3,3,0,68,2,2,7,3,2,6244,7824,7,0,17,3,1,10,6,3,5,4,0,3
673,33,0,2,1198,1,1,4,4,3,1,100,2,1,6,1,2,2799,3339,3,1,11,3,2,6,1,3,3,2,0,2
674,58,0,2,1272,1,5,3,5,3,0,37,2,3,0,2,0,10552,9255,2,1,13,3,4,24,3,3,6,0,0,4
675,31,0,2,154,2,7,4,1,2,1,41,2,1,8,3,1,2329,11737,3,0,15,3,2,13,2,4,7,7,5,2
676,35,0,2,1137,1,21,1,1,4,0,51,3,2,0,4,1,4014,19170,1,1,25,4,4,10,2,1,10,6,0,7
678,48,0,2,1469,1,20,4,3,4,1,51,3,1,6,3,1,2259,5543,4,0,17,3,1,13,2,2,0,0,0,0
680,36,0,2,188,1,7,4,4,2,1,65,3,1,6,4,2,4678,23293,2,0,18,3,3,8,6,3,6,2,0,1
681,38,0,2,1333,1,1,3,5,4,0,80,3,3,5,1,1,13582,16292,1,0,13,3,2,15,3,3,15,12,5,11
683,25,1,2,867,2,19,2,2,3,1,36,2,1,8,2,1,2413,18798,1,1,18,3,3,1,2,3,1,0,0,0
684,40,0,2,658,2,10,4,2,1,1,67,2,3,7,2,0,9705,20652,2,0,12,3,2,11,2,2,1,0,0,0
685,26,0,1,1283,2,1,3,3,3,1,52,2,2,7,1,2,4294,11148,1,0,12,3,2,7,2,3,7,7,0,7
686,41,0,2,263,1,6,3,3,4,1,59,3,1,2,1,2,4721,3119,2,1,13,3,3,20,3,3,18,13,2,17
687,36,0,2,938,1,2,4,3,3,1,79,3,1,2,3,2,2519,12287,4,0,21,4,3,16,6,3,11,8,3,9
688,19,1,2,419,2,21,3,4,4,1,37,2,1,8,2,2,2121,9947,1,1,13,3,2,1,3,4,1,0,0,0
689,20,1,2,129,1,4,3,5,1,1,84,3,1,2,1,2,2973,13008,1,0,19,3,2,1,2,3,1,0,0,0
690,31,0,2,616,1,12,3,3,4,0,41,3,2,0,4,1,5855,17369,0,1,11,3,3,10,2,1,9,7,8,5
692,32,0,2,498,1,3,4,3,3,0,93,3,2,4,1,1,6725,13554,1,0,12,3,3,8,2,4,8,7,6,3
693,36,1,2,530,2,3,1,1,3,1,51,2,3,7,4,1,10325,5518,1,1,11,3,1,16,6,3,16,7,3,7
694,33,0,2,1069,1,1,3,1,2,0,42,2,2,0,4,2,6949,12291,0,0,14,3,1,6,3,3,5,0,1,4
695,37,1,2,625,2,1,4,1,1,1,46,2,3,7,3,1,10609,14922,5,0,11,3,3,17,2,1,14,1,11,7
696,45,0,0,805,1,4,2,1,3,1,57,3,2,2,2,1,4447,23163,1,0,12,3,2,9,5,2,9,7,0,8
697,29,0,1,1404,2,20,3,5,3,0,84,3,1,8,4,1,2157,18203,1,0,15,3,2,3,5,3,3,1,0,2
698,35,0,2,1219,2,18,3,3,3,0,86,3,2,7,3,1,4601,6179,1,0,16,3,2,5,3,3,5,2,1,0
699,52,0,2,1053,1,1,2,1,4,1,70,3,4,3,4,1,17099,13829,2,0,15,3,2,26,2,2,9,8,7,8
701,53,0,2,1376,2,2,2,3,3,1,45,3,4,3,3,0,14852,13938,6,0,13,3,3,22,3,4,17,13,15,2
702,30,0,2,231,2,8,2,4,3,1,62,3,3,7,3,0,7264,9977,5,0,11,3,1,10,2,4,8,4,7,7
703,38,0,0,152,2,10,3,5,3,0,85,3,2,7,4,2,5666,19899,1,1,13,3,2,6,1,3,5,3,1,3
705,39,0,2,903,2,2,5,1,1,1,41,4,3,7,3,2,7880,2560,0,0,18,3,4,9,3,3,8,7,0,7
706,40,1,0,1479,2,24,3,1,2,0,100,4,4,7,2,2,13194,17071,4,1,16,3,4,22,2,2,1,0,0,0
707,47,0,1,1379,1,16,4,3,3,1,64,4,2,4,3,0,5067,6759,1,1,19,3,3,20,3,4,19,10,2,7
708,36,0,0,1229,2,8,4,5,1,1,84,3,2,7,4,0,5079,25952,4,0,13,3,4,12,3,3,7,7,0,7
709,31,1,0,335,1,9,2,3,3,1,46,2,1,6,1,2,2321,10322,0,1,22,4,1,4,0,3,3,2,1,2
710,33,0,0,722,2,17,3,1,4,1,38,3,4,3,3,2,17444,20489,1,0,11,3,4,10,2,3,10,8,6,0
711,29,1,2,906,1,10,3,1,4,0,92,2,1,6,1,2,2404,11479,6,1,20,4,3,3,5,3,0,0,0,0
713,45,0,2,974,1,1,4,3,4,0,91,3,1,2,4,0,2270,11005,3,0,14,3,4,8,2,3,5,3,0,2
714,50,0,2,1126,1,1,2,3,4,1,66,3,4,5,4,0,17399,6615,9,0,22,4,3,32,1,2,5,4,1,3
715,33,0,1,827,1,1,4,4,3,0,84,4,2,0,2,1,5488,20161,1,1,13,3,1,6,2,3,6,5,1,2
716,41,0,1,840,1,9,3,3,1,1,64,3,5,5,3,0,19419,3735,2,0,17,3,2,21,2,4,18,16,0,11
717,27,0,2,1134,1,16,4,5,3,0,37,3,1,2,2,1,2811,12086,9,0,14,3,2,4,2,3,2,2,2,2
718,45,0,0,248,1,23,2,1,4,1,42,3,2,2,1,1,3633,14039,1,1,15,3,3,9,2,3,9,8,0,8
719,47,0,2,955,2,4,2,1,4,0,83,3,2,7,4,2,4163,8571,1,1,17,3,3,9,0,3,9,0,0,7
720,30,1,2,138,1,22,3,1,1,0,48,3,1,6,3,1,2132,11539,4,1,11,3,2,7,2,3,5,2,0,1
722,38,0,1,1391,1,10,1,3,3,1,66,3,1,6,3,1,2684,12127,0,0,17,3,2,3,0,2,2,1,0,2
723,46,0,2,566,1,7,2,3,4,1,75,3,3,4,3,0,10845,24208,6,0,13,3,2,13,3,3,8,7,0,7
724,24,0,2,1206,1,17,1,3,4,0,41,2,2,4,3,0,4377,24117,1,0,15,3,2,5,6,3,4,2,3,2
725,35,1,2,622,1,14,4,4,3,1,39,2,1,2,2,0,3743,10074,1,1,24,4,4,5,2,1,4,2,0,2
726,31,0,1,853,1,1,1,1,3,0,96,3,2,4,1,1,4148,11275,1,0,12,3,3,4,1,3,4,3,0,3
727,18,0,0,287,1,5,2,1,2,1,73,3,1,6,4,2,1051,13493,1,0,15,3,4,0,2,3,0,0,0,0
728,54,0,2,1441,1,17,3,5,3,0,56,3,3,4,3,1,10739,13943,8,0,11,3,3,22,2,3,10,7,0,8
729,35,0,2,583,1,25,4,3,3,0,57,3,3,0,3,0,10388,6975,1,1,11,3,3,16,3,2,16,10,10,1
730,30,0,2,153,1,8,2,1,2,0,73,4,3,5,1,1,11416,17802,0,1,12,3,3,9,4,2,8,7,1,7
731,20,1,2,1097,1,11,3,3,4,0,98,2,1,6,1,2,2600,18275,1,1,15,3,1,1,2,3,1,0,0,0
732,30,1,1,109,1,5,3,3,2,0,60,3,1,2,2,2,2422,25725,0,0,17,3,1,4,3,3,3,2,1,2
734,22,0,2,217,1,8,1,1,2,1,94,1,1,2,1,1,2451,6881,1,0,15,3,1,4,3,2,4,3,1,1
735,48,0,2,277,1,6,3,1,1,1,97,2,2,0,3,2,4240,13119,2,0,13,3,4,19,0,3,2,2,2,2
737,41,0,2,549,1,7,2,3,4,0,42,3,2,4,3,2,5003,23371,6,0,14,3,2,8,6,3,2,2,2,1
738,39,0,2,466,1,1,1,1,4,0,65,2,4,4,4,1,12742,7060,1,0,16,3,3,21,3,3,21,6,11,8
739,27,0,2,1055,1,2,4,1,1,0,47,3,2,4,4,1,4227,4658,0,0,18,3,2,4,2,3,3,2,2,2
740,35,0,2,802,1,10,3,4,2,1,45,3,1,2,4,0,3917,9541,1,0,20,4,1,3,4,2,3,2,1,2
741,42,0,2,265,2,5,2,2,4,1,90,3,5,3,3,1,18303,7770,6,0,13,3,2,21,3,4,1,0,0,0
742,50,0,2,804,1,9,3,1,1,1,64,3,1,2,4,1,2380,20165,4,0,18,3,2,8,5,3,1,0,0,0
745,55,0,1,135,1,18,4,3,3,1,62,3,2,0,2,1,6385,12992,3,1,14,3,4,17,3,3,8,7,6,7
746,41,0,0,247,1,7,1,1,2,0,55,1,5,5,3,0,19973,20284,1,0,22,4,2,21,3,3,21,16,5,10
747,38,0,2,1035,2,3,4,1,2,1,42,3,2,7,4,2,6861,4981,8,1,12,3,3,19,1,3,1,0,0,0
748,26,1,0,265,2,29,2,3,2,1,79,1,2,7,1,2,4969,21813,8,0,18,3,4,7,6,3,2,2,2,2
749,52,1,2,266,2,2,1,2,1,0,57,1,5,3,4,1,19845,25846,1,0,15,3,4,33,3,3,32,14,6,9
750,44,0,2,1448,2,28,3,3,4,0,53,4,4,7,4,1,13320,11737,3,1,18,3,3,23,2,3,12,11,11,11
751,50,0,0,145,2,1,3,1,4,0,95,3,2,7,3,1,6347,24920,0,0,12,3,1,19,3,3,18,7,0,13
753,39,0,1,945,1,22,3,3,4,0,82,3,3,4,1,2,10880,5083,1,1,13,3,3,21,2,3,21,6,2,8
754,33,0,0,1038,2,8,1,1,2,0,88,2,1,8,4,2,2342,21437,0,0,19,3,4,3,2,2,2,2,2,2
755,45,0,2,1234,2,11,2,1,4,0,90,3,4,3,4,1,17650,5404,3,0,13,3,2,26,4,4,9,3,1,1
756,32,0,0,1109,1,29,4,3,4,0,69,3,1,2,3,2,4025,11135,9,0,12,3,2,10,2,3,8,7,7,7
757,34,0,2,216,2,1,4,2,2,1,75,4,2,7,4,0,9725,12278,0,0,11,3,4,16,2,2,15,1,0,9
758,59,0,2,1089,2,1,2,5,2,1,66,3,3,3,4,1,11904,11038,3,1,14,3,3,14,1,1,6,4,0,4
759,45,0,2,788,0,24,4,3,2,1,36,3,1,1,2,2,2177,8318,1,0,16,3,1,6,3,3,6,3,0,4
760,53,0,1,124,2,2,3,2,3,0,38,2,3,7,2,1,7525,23537,2,0,12,3,1,30,2,3,15,7,6,12
761,36,1,2,660,1,15,3,4,1,1,81,3,2,2,3,0,4834,7858,7,0,14,3,2,9,3,2,1,0,0,0
762,26,1,1,342,1,2,3,1,1,1,57,3,1,6,1,1,2042,15346,6,1,14,3,2,6,2,3,3,2,1,2
763,34,0,2,1333,2,10,4,1,3,0,87,3,1,8,3,1,2220,18410,1,1,19,3,4,1,2,3,1,1,0,0
764,28,0,2,1144,2,10,1,3,4,1,74,3,1,8,2,1,1052,23384,1,0,22,4,2,1,5,3,1,0,0,0
766,50,0,2,1464,1,2,4,3,2,1,62,3,5,5,3,1,19237,12853,2,1,11,3,4,29,2,2,8,1,7,7
767,37,0,2,124,1,3,3,4,4,0,35,3,2,0,2,2,4107,13848,3,0,15,3,1,8,3,2,4,3,0,1
768,40,0,2,300,2,26,3,2,3,1,74,3,2,7,1,1,8396,22217,1,0,14,3,2,8,3,2,7,7,7,5
769,26,0,1,921,1,1,1,3,1,0,66,2,1,6,3,0,2007,25265,1,0,13,3,3,5,5,3,5,3,1,3
771,54,0,2,1082,2,2,4,1,3,0,41,2,3,7,3,1,10686,8392,6,0,11,3,2,13,4,3,9,4,7,0
772,56,0,1,1240,1,9,3,3,1,0,63,3,1,6,3,1,2942,12154,2,0,19,3,2,18,4,3,5,4,0,3
773,36,0,2,796,1,12,5,3,4,0,51,2,3,4,4,2,8858,15669,0,0,11,3,2,15,2,2,14,8,7,8
774,55,0,0,444,1,2,1,3,3,1,40,2,4,3,1,2,16756,17323,7,0,15,3,2,31,3,4,9,7,6,2
775,43,0,2,415,2,25,3,3,3,1,79,2,3,7,4,0,10798,5268,5,0,13,3,3,18,5,3,1,0,0,0
776,20,1,1,769,2,9,3,2,4,0,54,3,1,8,4,2,2323,17205,1,1,14,3,2,2,3,3,2,2,0,2
778,46,0,2,1003,1,8,4,1,4,0,74,2,2,6,1,0,4615,21029,8,1,23,4,1,19,2,3,16,13,1,7
779,51,1,2,1323,1,4,4,1,1,1,34,3,1,6,3,1,2461,10332,9,1,12,3,3,18,2,4,10,0,2,7
780,28,1,0,1366,1,24,2,5,2,1,72,2,3,0,1,2,8722,12355,1,0,12,3,1,10,2,2,10,7,1,9
781,26,0,2,192,1,1,2,3,1,1,59,2,1,2,1,1,3955,11141,1,0,16,3,1,6,2,3,5,3,1,3
783,41,0,2,509,1,7,2,5,2,0,43,4,1,6,3,1,3376,18863,1,0,13,3,3,10,3,3,10,6,0,8
784,38,0,2,330,1,17,1,1,3,0,65,2,3,0,3,1,8823,24608,0,0,18,3,1,20,4,2,19,9,1,9
785,40,0,2,1492,1,20,4,5,1,1,61,3,3,0,4,1,10322,26542,4,0,20,4,4,14,6,3,11,10,11,1
786,27,0,0,1277,1,8,5,1,1,1,87,1,1,2,3,1,4621,5869,1,0,19,3,4,3,4,3,3,2,1,2
787,55,0,1,1091,1,2,1,1,4,1,65,3,3,4,2,1,10976,15813,3,0,18,3,2,23,4,3,3,2,1,2
789,44,1,2,1376,0,1,2,3,2,1,91,2,3,1,1,1,10482,2326,9,0,14,3,4,24,1,3,20,6,3,6
790,33,0,2,654,1,5,3,1,4,1,34,2,3,0,4,0,7119,21214,4,0,15,3,3,9,2,3,3,2,1,2
791,35,1,2,1204,2,4,3,5,4,1,86,3,3,7,1,2,9582,10333,0,1,22,4,1,9,2,3,8,7,4,7
793,28,0,2,895,1,15,2,1,1,1,50,3,1,2,3,0,2207,22482,1,0,16,3,4,4,5,2,4,2,2,2
794,34,0,1,618,1,3,1,1,1,1,45,3,2,0,4,2,7756,22266,0,0,17,3,3,7,1,2,6,2,0,4
795,37,0,2,309,2,10,4,1,4,0,88,2,2,7,4,0,6694,24223,2,1,14,3,3,8,5,3,1,0,0,0
797,26,1,2,1330,1,21,3,3,1,1,37,3,1,2,3,0,2377,19373,1,0,20,4,3,1,0,2,1,1,0,0
798,33,1,2,1017,1,25,3,3,1,1,55,2,1,6,2,2,2313,2993,4,1,20,4,2,5,0,3,2,2,2,2
799,42,0,2,469,1,2,2,3,4,1,35,3,4,3,1,1,17665,14399,0,0,17,3,4,23,3,3,22,6,13,7
800,28,1,1,1009,1,1,3,3,1,1,45,2,1,2,2,0,2596,7160,1,0,15,3,1,1,2,3,1,0,0,0
801,50,1,1,959,2,1,4,4,4,1,81,3,2,7,3,2,4728,17251,3,1,14,3,4,5,4,3,0,0,0,0
802,33,0,1,970,2,7,3,1,4,0,30,3,2,7,2,1,4302,13401,0,0,17,3,3,4,3,3,3,2,0,2
803,34,0,0,697,1,3,4,1,3,1,40,2,1,6,4,1,2979,22478,3,0,17,3,4,6,2,3,0,0,0,0
804,48,0,0,1262,1,1,4,3,1,1,35,4,4,3,4,2,16885,16154,2,0,22,4,3,27,3,2,5,4,2,1
805,45,0,0,1050,2,9,4,1,2,0,65,2,2,7,3,1,5593,17970,1,0,13,3,4,15,2,3,15,10,4,12
806,52,0,2,994,1,7,4,1,2,1,87,3,3,0,2,2,10445,15322,7,0,19,3,4,18,4,3,8,6,4,0
808,29,0,2,1107,1,28,4,1,3,0,93,3,1,6,4,0,2514,26968,4,0,22,4,1,11,1,3,7,5,1,7
810,46,0,2,406,2,3,1,2,1,1,52,3,4,3,3,1,17465,15596,3,0,12,3,4,23,3,3,12,9,4,9
812,43,0,1,1082,1,27,3,1,3,0,83,3,3,4,1,1,10820,11535,8,0,11,3,3,18,1,3,8,7,0,1
814,40,0,2,1308,1,14,3,3,3,1,44,2,5,5,3,2,19626,17544,1,0,14,3,1,21,2,4,20,7,4,9
815,21,0,2,984,1,1,1,5,4,0,70,2,1,6,2,2,2070,25326,1,1,11,3,3,2,6,4,2,2,2,2
817,36,0,0,217,1,18,4,1,1,1,78,3,2,4,4,2,7779,23238,2,0,20,4,1,18,0,3,11,9,0,9
818,31,0,1,793,2,20,3,1,3,1,67,4,1,8,4,1,2791,21981,0,0,12,3,1,3,4,3,2,2,2,2
819,28,0,2,1451,1,2,1,1,1,1,67,2,1,6,2,1,3201,19911,0,0,17,3,1,6,2,1,5,3,0,4
821,49,0,2,174,2,8,4,5,4,1,56,2,4,7,2,1,13120,11879,6,0,17,3,2,22,3,3,9,8,2,3
822,34,0,1,1003,1,2,2,1,4,1,95,3,2,4,3,2,4033,15834,2,0,11,3,4,5,3,2,3,2,0,2
823,29,0,1,490,1,10,3,1,4,0,61,3,1,6,2,0,3291,17940,0,0,14,3,4,8,2,2,7,5,1,1
825,29,0,2,718,1,8,1,3,2,1,79,2,2,4,4,1,5056,17689,1,1,15,3,3,10,2,2,10,7,1,2
826,38,0,2,433,0,1,3,0,3,1,37,4,1,1,3,1,2844,6004,1,0,13,3,4,7,2,4,7,6,5,0
827,28,0,1,773,1,6,3,1,3,1,39,2,1,6,3,0,2703,22088,1,1,14,3,4,3,2,3,3,1,0,2
828,18,1,0,247,1,8,1,3,3,1,80,3,1,2,3,2,1904,13556,1,0,12,3,4,0,0,3,0,0,0,0
829,33,1,2,603,2,9,4,2,1,0,77,3,2,7,1,2,8224,18385,0,1,17,3,1,6,3,3,5,2,0,3
830,41,0,2,167,1,12,4,1,2,1,46,3,1,2,4,1,4766,9051,3,1,11,3,1,6,4,3,1,0,0,0
831,31,1,1,874,1,15,3,3,3,1,72,3,1,2,3,1,2610,6233,1,0,12,3,3,2,5,2,2,2,2,2
832,37,0,2,367,1,25,2,3,3,0,52,2,2,0,4,0,5731,17171,7,0,13,3,3,9,2,3,6,2,1,3
833,27,0,2,199,1,6,3,1,4,1,55,2,1,6,3,1,2539,7950,1,0,13,3,3,4,0,3,4,2,2,2
834,34,0,2,1400,2,9,1,1,2,0,70,3,2,7,3,1,5714,5829,1,0,20,4,1,6,3,2,6,5,1,3
835,35,0,2,528,0,8,4,5,3,1,100,3,1,1,3,2,4323,7108,1,0,17,3,2,6,2,1,5,4,1,4
837,40,0,1,593,1,9,4,3,2,0,88,3,3,5,3,2,13499,13782,9,0,17,3,3,20,3,2,18,7,2,13
838,42,1,1,481,2,12,3,1,3,1,44,3,4,7,1,2,13758,2447,0,1,12,3,2,22,2,2,21,9,13,14
839,42,0,2,647,2,4,4,2,2,1,45,3,2,7,1,2,5155,2253,7,0,13,3,4,9,3,4,6,4,1,5
840,35,0,2,982,1,1,4,3,4,1,58,2,1,2,3,1,2258,16340,6,0,12,3,2,10,2,3,8,0,1,7
842,28,1,2,1485,1,12,1,1,3,0,79,3,1,2,4,1,2515,22955,1,1,11,3,4,1,4,2,1,1,0,0
844,30,0,2,852,2,10,3,2,3,1,72,2,2,7,3,1,6578,2706,1,0,18,3,1,10,3,3,10,3,1,4
845,40,0,1,902,1,26,2,3,3,0,92,2,2,6,4,1,4422,21203,3,1,13,3,4,16,3,1,1,1,0,0
846,35,0,2,819,1,2,3,1,3,1,44,2,3,4,2,0,10274,19588,2,0,18,3,2,15,2,4,7,7,6,4
847,34,0,1,669,1,1,3,3,4,1,97,2,2,0,1,2,5343,25755,0,0,20,4,3,14,3,3,13,9,4,9
848,35,0,1,636,1,4,4,4,4,1,47,2,1,2,4,1,2376,26537,1,0,13,3,2,2,2,4,2,2,2,2
849,43,1,2,1372,2,9,3,2,1,0,85,1,2,7,3,2,5346,9489,8,0,13,3,2,7,2,2,4,3,1,3
850,32,0,0,862,2,2,1,1,3,0,76,3,1,8,1,0,2827,14947,1,0,12,3,3,1,3,3,1,0,0,0
851,56,0,2,718,1,4,4,5,4,0,92,3,5,3,1,0,19943,18575,4,0,13,3,4,28,2,3,5,2,4,2
852,29,0,2,1401,1,6,1,3,2,0,54,3,1,2,4,1,3131,26342,1,0,13,3,1,10,5,3,10,8,0,8
853,19,0,2,645,1,9,2,1,3,1,54,3,1,6,1,2,2552,7172,1,0,25,4,3,1,4,3,1,1,0,0
854,45,0,2,1457,1,7,3,3,1,0,83,3,1,6,3,1,4477,20100,4,1,19,3,3,7,2,2,3,2,0,2
855,37,0,2,977,1,1,3,1,4,0,56,2,2,4,4,1,6474,9961,1,0,13,3,2,14,2,2,14,8,3,11
856,20,0,2,805,1,3,3,1,1,1,87,2,1,2,3,2,3033,12828,1,0,12,3,1,2,2,2,2,2,1,2
857,44,1,2,1097,1,10,4,1,3,1,96,3,1,6,3,2,2936,10826,1,1,11,3,3,6,4,3,6,4,0,2
859,29,0,2,942,1,15,1,1,2,0,69,1,1,6,4,1,2168,26933,0,1,18,3,1,6,2,2,5,4,1,3
860,22,1,1,1256,1,3,4,1,3,1,48,2,1,6,4,1,2853,4223,0,1,11,3,2,1,5,3,0,0,0,0
861,46,0,2,1402,2,2,3,2,3,0,69,3,4,3,1,1,17048,24097,8,0,23,4,1,28,2,3,26,15,15,9
863,33,0,2,147,0,2,3,0,2,1,99,3,1,1,3,1,3600,8429,1,0,13,3,4,5,2,3,5,4,1,4
865,30,0,2,1329,2,29,4,1,3,1,61,3,2,7,1,0,4115,13192,8,0,19,3,3,8,3,3,4,3,0,3
866,40,0,1,1184,2,2,4,3,2,1,62,3,2,7,2,1,4327,25440,5,0,12,3,4,5,2,3,0,0,0,0
867,50,0,1,1421,1,2,3,3,4,0,30,3,4,3,1,1,17856,9490,2,0,22,4,3,32,3,3,2,2,2,2
868,28,0,2,1179,1,19,4,3,4,1,78,2,1,2,1,1,3196,12449,1,0,12,3,3,6,2,3,6,5,3,3
869,46,0,2,1450,1,15,2,1,4,1,52,3,5,5,2,1,19081,10849,5,0,11,3,1,25,2,3,4,2,0,3
870,35,0,2,1361,2,17,4,1,3,1,94,3,2,7,1,1,8966,21026,3,1,15,3,4,15,2,3,7,7,1,7
871,24,1,2,984,1,17,2,1,4,0,97,3,1,2,2,1,2210,3372,1,0,13,3,1,1,3,1,1,0,0,0
872,33,0,1,1146,2,25,3,3,2,0,82,3,2,7,3,1,4539,4905,1,0,12,3,1,10,3,2,10,7,0,1
873,36,0,2,917,1,6,4,1,3,1,60,1,1,2,3,0,2741,6865,1,0,14,3,3,7,4,3,7,7,1,7
874,30,0,2,853,1,7,4,1,3,1,49,3,2,2,3,0,3491,11309,1,0,13,3,1,10,4,2,10,7,8,9
875,44,0,2,200,1,29,4,4,4,1,32,3,2,6,4,2,4541,7744,1,0,25,4,2,20,3,3,20,11,13,17
876,20,0,2,654,2,21,3,2,3,1,43,4,1,8,4,2,2678,5050,1,0,17,3,4,2,2,3,2,1,2,2
877,46,0,2,150,1,2,4,5,4,1,60,3,2,4,4,0,7379,17433,2,0,11,3,3,12,3,2,6,3,1,4
878,42,0,0,179,0,2,5,3,4,1,79,4,2,1,1,1,6272,12858,7,0,16,3,1,10,3,4,4,3,0,3
879,60,0,2,696,2,7,4,2,2,1,52,4,2,7,4,0,5220,10893,0,1,18,3,2,12,3,3,11,7,1,9
880,32,0,1,116,1,13,3,4,3,0,77,2,1,2,2,1,2743,7331,1,0,20,4,3,2,2,3,2,2,2,2
883,33,0,2,117,1,9,3,3,1,1,60,3,1,6,4,1,2781,6311,0,0,13,3,2,15,5,3,14,10,4,10
884,40,0,2,107,2,10,3,5,2,0,84,2,2,7,2,0,6852,11591,7,0,12,3,2,7,2,4,5,1,1,3
887,42,0,1,458,1,26,5,3,1,0,60,3,3,5,1,1,13191,23281,3,1,17,3,3,20,6,3,1,0,0,0
890,54,0,1,966,1,1,4,1,4,0,53,3,3,4,3,0,10502,9659,7,0,17,3,1,33,2,1,5,4,1,4
891,44,0,2,1117,1,2,1,1,1,0,72,4,1,6,4,1,2011,19982,1,0,13,3,4,10,5,3,10,5,7,7
893,29,0,2,1010,1,1,3,1,1,0,97,3,1,6,4,0,3760,5598,1,0,15,3,1,3,5,3,3,2,1,2
894,54,0,2,685,1,3,3,1,4,1,85,3,4,5,4,1,17779,23474,3,0,14,3,1,36,2,3,10,9,0,9
895,31,0,2,1332,1,11,2,3,3,1,80,3,2,0,1,1,6833,17089,1,1,12,3,4,6,2,2,6,5,0,1
896,31,0,2,1062,1,24,3,3,3,0,96,2,2,0,1,2,6812,17198,1,0,19,3,2,10,2,3,10,9,1,8
897,59,0,2,326,2,3,3,1,3,0,48,2,2,7,4,2,5171,16490,5,0,17,3,4,13,2,3,6,1,0,5
898,43,0,2,920,1,3,3,1,3,1,96,1,5,5,4,1,19740,18625,3,0,14,3,2,25,2,3,8,7,0,7
899,49,0,2,1098,1,4,2,3,1,1,85,2,5,3,3,1,18711,12124,2,0,13,3,3,23,2,4,1,0,0,0
900,36,0,1,469,1,3,3,5,3,1,46,3,1,6,2,1,3692,9256,1,0,12,3,3,12,2,2,11,10,0,7
902,27,0,2,1167,1,4,2,1,1,1,76,3,1,6,3,0,2517,3208,1,0,11,3,2,5,2,3,5,3,0,3
904,48,0,2,715,1,1,3,1,4,1,76,2,5,5,4,2,18265,8733,6,0,12,3,3,25,3,4,1,0,0,0
905,29,0,2,694,1,1,3,1,4,0,87,2,4,5,4,0,16124,3423,3,0,14,3,2,9,2,2,7,7,1,7
906,34,0,2,1320,1,20,3,5,3,0,89,4,1,6,3,1,2585,21643,0,0,17,3,4,2,5,2,1,0,0,0
907,44,0,2,1099,2,5,3,2,2,1,88,3,5,3,2,1,18213,8751,7,0,11,3,3,26,5,3,22,9,3,10
908,33,0,2,536,2,10,5,2,4,1,82,4,3,7,3,0,8380,21708,0,1,14,3,4,10,3,3,9,8,0,8
909,19,0,2,265,1,25,3,1,2,0,57,4,1,6,4,2,2994,21221,1,1,12,3,4,1,2,3,1,0,0,1
910,23,0,2,373,1,1,2,1,4,1,47,3,1,6,3,1,1223,16901,1,0,22,4,4,1,2,3,1,0,0,1
911,25,1,1,599,2,24,1,1,3,1,73,1,1,8,4,2,1118,8040,1,1,14,3,4,1,4,3,1,0,1,0
912,26,0,2,583,1,4,2,1,3,1,53,3,1,6,4,2,2875,9973,1,1,20,4,2,8,2,2,8,5,2,2
913,45,1,2,1449,2,2,3,2,1,0,94,1,5,3,2,2,18824,2493,2,1,16,3,1,26,2,3,24,10,1,11
914,55,0,0,177,1,8,1,3,4,1,37,2,4,0,2,0,13577,25592,1,1,15,3,4,34,3,3,33,9,15,0
916,46,0,2,168,2,4,2,2,4,0,33,2,5,3,2,1,18789,9946,2,0,14,3,3,26,2,3,11,4,0,8
918,51,0,1,237,2,9,3,1,4,1,83,3,5,3,2,0,19847,19196,4,1,24,4,1,31,5,2,29,10,11,10
919,59,0,2,1429,1,18,4,3,4,1,67,3,3,4,4,2,10512,20002,6,0,12,3,4,25,6,2,9,7,5,4
920,34,0,1,135,1,19,3,3,3,0,46,3,2,2,2,0,4444,22534,4,0,13,3,3,15,2,4,11,8,5,10
924,35,0,2,735,1,6,1,1,3,1,66,3,1,6,3,1,3506,6020,0,1,14,3,4,4,3,3,3,2,2,2
925,42,0,2,603,1,7,4,3,2,0,78,4,2,6,2,1,2372,5628,6,1,16,3,4,18,2,3,1,0,0,0
927,36,0,2,429,1,2,4,1,3,0,53,3,2,4,2,2,5410,2323,9,1,11,3,4,18,2,3,16,14,5,12
928,44,1,2,621,1,15,3,3,1,0,73,3,3,0,4,1,7978,14075,1,0,11,3,4,10,2,3,10,7,0,5
929,28,0,1,193,1,2,3,1,4,1,52,2,1,2,4,1,3867,14222,1,1,12,3,2,2,2,3,2,2,2,2
931,30,0,0,879,1,9,2,3,3,0,72,3,2,4,3,2,4695,12858,7,1,18,3,3,10,3,3,8,4,1,7
932,29,1,2,806,1,7,3,5,2,0,39,3,1,2,3,0,3339,17285,3,1,13,3,1,10,2,3,7,7,7,7
933,28,0,2,640,1,1,3,5,4,1,84,3,1,6,1,2,2080,4732,2,0,11,3,2,5,2,2,3,2,1,2
934,25,0,2,266,1,1,3,3,4,0,40,3,1,6,2,2,2096,18830,1,0,18,3,4,2,3,2,2,2,2,1
935,32,0,2,604,2,8,3,3,3,1,56,4,2,7,4,1,6209,11693,1,0,15,3,3,10,4,4,10,7,0,8
937,39,0,2,412,1,13,4,3,3,0,94,2,4,3,2,0,17123,17334,6,1,13,3,4,21,4,3,19,9,15,2
938,58,0,2,848,1,23,4,1,1,1,88,3,1,6,3,0,2372,26076,1,0,12,3,4,2,3,3,2,2,2,2
939,32,1,2,1089,1,7,2,1,4,1,79,3,2,2,3,1,4883,22845,1,0,18,3,1,10,3,3,10,4,1,1
940,39,1,2,360,1,23,3,3,3,1,93,3,1,6,1,2,3904,22154,0,0,13,3,1,6,2,3,5,2,0,3
941,30,0,2,1138,1,6,3,5,1,0,48,2,2,2,4,1,4627,23631,0,0,12,3,1,10,6,3,9,2,6,7
942,36,0,2,325,1,10,4,5,4,0,63,3,3,0,3,1,7094,5747,3,0,12,3,1,10,0,3,7,7,1,7
944,28,0,0,1476,1,1,3,1,3,0,55,1,2,2,4,1,6674,16392,0,0,11,3,1,10,6,3,9,8,7,5
947,52,1,2,1030,2,5,3,1,2,1,64,3,3,7,2,2,8446,21534,9,1,19,3,3,10,2,2,8,7,7,7
949,39,0,2,524,1,18,2,1,1,1,32,3,2,4,3,2,4534,13352,0,0,11,3,1,9,6,3,8,7,1,7
950,31,0,0,587,2,2,4,1,4,0,57,3,3,7,3,0,9852,8935,1,1,19,3,1,10,5,2,10,8,9,6
951,41,0,0,256,2,10,2,3,3,1,40,1,2,7,2,2,6151,22074,1,0,13,3,1,19,4,3,19,2,11,9
952,31,1,1,1060,2,1,3,1,4,0,54,3,1,8,2,2,2302,8319,1,1,11,3,1,3,2,4,3,2,2,2
953,44,1,2,935,1,3,3,1,1,1,89,3,1,2,1,1,2362,14669,4,0,12,3,3,10,4,4,3,2,1,2
954,42,0,0,495,1,2,1,1,3,1,37,3,4,3,3,1,17861,26582,0,1,13,3,4,21,3,2,20,8,2,10
955,55,0,2,282,1,2,2,3,4,0,58,1,5,3,3,1,19187,6992,4,0,14,3,4,23,5,3,19,9,9,11
956,56,0,2,206,0,8,4,1,4,1,99,3,5,3,2,2,19717,4022,6,0,14,3,1,36,4,3,7,3,7,7
957,40,0,0,458,1,16,2,1,3,1,74,3,1,6,3,0,3544,8532,9,0,16,3,2,6,0,3,4,2,0,0
959,40,0,2,523,1,2,3,1,3,1,98,3,2,6,4,2,4661,22455,1,0,13,3,3,9,4,3,9,8,8,8
960,41,0,1,1018,2,1,3,2,3,0,66,3,2,7,1,0,4103,4297,0,0,17,3,4,10,2,3,9,3,1,7
961,35,0,1,482,1,4,4,1,3,1,87,3,2,6,3,2,4249,2690,1,1,11,3,2,9,3,3,9,6,1,1
962,51,0,2,770,0,5,3,1,3,1,84,3,4,3,2,0,14026,17588,1,1,11,3,2,33,2,3,33,9,0,10
963,38,0,2,1009,2,2,2,1,2,0,31,3,2,7,1,0,6893,19461,3,0,15,3,4,11,3,3,7,7,1,7
966,58,1,2,601,1,7,4,3,3,0,53,2,3,4,1,1,10008,12023,7,1,14,3,4,31,0,2,10,9,5,9
967,40,0,2,329,1,1,4,1,2,1,88,3,1,2,2,1,2387,6762,3,0,22,4,3,7,3,3,4,2,0,3
968,36,0,1,607,2,7,3,2,1,0,83,4,2,7,1,1,4639,2261,2,0,16,3,4,17,2,2,15,7,6,13
969,48,0,2,855,1,4,3,1,4,1,54,3,3,4,4,2,7898,18706,1,0,11,3,3,11,2,3,10,9,0,8
971,51,0,2,1405,1,11,2,5,4,0,82,2,4,4,2,2,13142,24439,3,0,16,3,2,29,1,2,5,2,0,3
972,18,0,0,1124,1,1,3,1,4,0,97,3,1,2,4,2,1611,19305,1,0,15,3,3,0,5,4,0,0,0,0
974,27,0,1,793,2,2,1,1,4,1,43,1,2,7,4,2,5071,20392,3,0,20,4,2,8,3,3,6,2,0,0
975,55,1,2,267,2,13,4,2,1,1,85,4,4,7,3,2,13695,9277,6,1,17,3,3,24,2,2,19,7,3,8
977,34,0,0,999,1,26,1,5,1,0,92,2,1,6,3,0,2029,15891,1,0,20,4,3,5,2,3,5,4,0,0
980,31,1,1,703,2,2,3,1,3,0,90,2,1,8,4,2,2785,11882,7,0,14,3,3,3,3,4,1,0,0,0
981,35,1,1,662,2,18,4,2,4,0,67,3,2,7,3,1,4614,23288,0,1,18,3,3,5,0,2,4,2,3,2
982,38,0,1,693,1,7,3,1,4,1,57,4,1,6,3,0,2610,15748,1,0,11,3,4,4,2,3,4,2,0,3
983,34,0,2,404,1,2,4,5,3,0,98,3,2,0,4,2,6687,6163,1,0,11,3,4,14,2,4,14,11,4,11
984,28,0,2,736,2,26,3,1,3,1,48,2,2,7,1,1,4724,24232,1,0,11,3,3,5,0,3,5,3,0,4
985,31,1,2,330,1,22,4,3,4,1,98,3,2,4,3,1,6179,21057,1,1,15,3,4,10,3,2,10,2,6,7
987,51,0,1,541,2,2,3,2,2,1,52,3,3,7,2,1,10596,15395,2,0,11,3,2,14,5,3,4,2,3,2
988,41,0,1,1200,1,22,3,1,4,0,75,3,2,6,4,0,5467,13953,3,1,14,3,1,12,4,2,6,2,3,3
989,37,0,2,1439,1,4,1,1,3,1,54,3,1,6,3,1,2996,5182,7,1,15,3,4,8,2,3,6,4,1,3
991,32,0,2,499,2,2,1,2,3,1,36,3,2,7,2,1,4078,20497,0,1,13,3,1,4,3,2,3,2,1,2
992,39,0,0,1485,1,25,2,1,3,1,71,3,3,0,3,1,10920,3449,3,0,21,4,2,13,2,3,6,4,0,5
993,25,0,2,1372,2,18,1,1,1,1,93,4,2,7,3,1,6232,12477,2,0,11,3,2,6,3,2,3,2,1,2
994,52,0,1,322,1,28,2,3,4,0,59,4,4,4,3,1,13247,9731,2,1,11,3,2,24,3,2,5,3,0,2
995,43,0,2,930,1,6,3,3,1,0,73,2,2,6,3,2,4081,20003,1,1,14,3,1,20,3,1,20,7,1,8
996,27,0,2,205,2,10,3,2,4,0,98,2,2,7,4,1,5769,7100,1,1,11,3,4,6,3,3,6,2,4,4
997,27,1,2,135,1,17,4,1,4,0,51,3,1,6,3,2,2394,25681,1,1,13,3,4,8,2,3,8,2,7,7
998,26,0,2,683,1,2,1,3,1,1,36,2,1,6,4,2,3904,4050,0,0,12,3,4,5,2,3,4,3,1,1
999,42,0,2,1147,0,10,3,0,3,0,31,3,4,3,1,1,16799,16616,0,0,14,3,3,21,5,3,20,7,0,9
1000,52,0,2,258,1,8,4,4,3,0,54,3,1,2,1,1,2950,17363,9,0,13,3,3,12,2,1,5,4,0,4
1001,37,0,2,1462,1,11,3,3,1,0,94,3,1,2,3,2,3629,19106,4,0,18,3,1,8,6,3,3,2,0,2
1002,35,0,1,200,1,18,2,1,3,1,60,3,3,4,4,2,9362,19944,2,0,11,3,3,10,2,3,2,2,2,2
1003,25,0,2,949,1,1,3,5,1,1,81,3,1,2,4,1,3229,4910,4,0,11,3,2,7,2,2,3,2,0,2
1004,26,0,2,652,1,7,3,4,3,1,100,4,1,2,1,2,3578,23577,0,0,12,3,4,8,2,3,7,7,0,7
1006,49,1,1,1475,1,28,2,1,1,1,97,2,2,2,1,2,4284,22710,3,0,20,4,1,20,2,3,4,3,1,3
1007,29,1,1,337,1,14,1,4,3,0,84,3,3,0,4,2,7553,22930,0,1,12,3,1,9,1,3,8,7,7,7
1008,54,0,2,971,1,1,3,3,4,0,54,3,4,5,4,2,17328,5652,6,0,19,3,4,29,3,2,20,7,12,7
1009,58,0,2,1055,1,1,3,3,4,0,76,3,5,5,1,1,19701,22456,3,1,21,4,3,32,3,3,9,8,1,5
1010,55,0,2,1136,1,1,4,3,2,1,81,4,4,5,4,0,14732,12414,2,0,13,3,4,31,4,4,7,7,0,0
1011,36,0,2,1174,2,3,4,2,1,0,99,3,2,7,2,2,9278,20763,3,1,16,3,4,15,3,3,5,4,0,1
1012,31,1,1,667,2,1,4,1,2,0,50,1,1,8,3,2,1359,16154,1,0,12,3,2,1,3,3,1,0,0,0
1014,31,0,2,182,1,8,5,1,1,0,93,3,4,5,2,2,16422,8847,3,0,11,3,3,9,3,4,3,2,1,0
1015,34,0,1,560,1,1,4,4,4,1,91,3,1,6,1,0,2996,20284,5,0,14,3,3,10,2,3,4,3,1,3
1016,31,1,2,202,1,8,3,1,1,0,34,2,1,6,2,2,1261,22262,1,0,12,3,3,1,3,4,1,0,0,0
1017,27,0,2,1377,1,11,1,1,2,1,91,3,1,2,1,1,2099,7679,0,0,14,3,2,6,3,4,5,0,1,4
1018,36,0,2,172,1,4,4,1,1,1,37,2,2,2,4,2,5810,22604,1,0,16,3,3,10,2,2,10,4,1,8
1019,36,0,2,329,2,16,4,2,3,0,98,2,2,7,1,1,5647,13494,4,0,13,3,1,11,3,2,3,2,0,2
1020,47,0,2,465,1,1,3,5,1,1,74,3,1,6,4,1,3420,10205,7,0,12,3,3,17,2,2,6,5,1,2
1021,25,1,2,383,2,9,2,1,1,1,68,2,1,8,1,1,4400,15182,3,0,12,3,1,6,2,3,3,2,2,2
1022,37,0,0,1413,1,5,2,5,3,1,84,4,1,2,3,2,3500,25470,0,0,14,3,1,7,2,1,6,5,1,3
1024,47,0,2,359,1,2,4,3,1,0,82,3,4,5,3,1,17169,26703,3,0,19,3,2,26,2,4,20,17,5,6
1025,24,0,2,1476,2,4,1,3,4,0,42,3,2,7,3,1,4162,15211,1,1,12,3,3,5,3,3,5,4,0,3
1027,34,0,2,401,1,1,3,1,4,0,86,2,1,2,2,1,3294,3708,5,0,17,3,1,7,2,2,5,4,0,2
1028,41,0,2,1283,1,5,5,3,2,1,90,4,1,6,3,1,2127,5561,2,1,12,3,1,7,5,2,4,2,0,3
1029,40,0,0,663,1,9,4,4,3,1,81,3,2,2,3,0,3975,23099,3,0,11,3,3,11,2,4,8,7,0,7
1030,31,0,2,326,2,8,2,1,1,1,31,3,3,7,4,0,10793,8386,1,0,18,3,1,13,5,3,13,7,9,9
1032,39,1,0,592,1,2,3,1,1,0,54,2,1,2,1,2,3646,17181,2,1,23,4,2,11,2,4,1,0,0,0
1034,45,0,2,1038,1,20,3,3,2,1,95,1,3,0,1,0,10851,19863,2,1,18,3,2,24,2,3,7,7,0,7
1035,31,0,2,1398,0,8,2,3,4,0,96,4,1,1,2,2,2109,24609,9,0,18,3,4,8,3,3,3,2,0,2
1036,31,1,1,523,1,2,3,1,2,1,94,3,1,2,4,1,3722,21081,6,1,13,3,3,7,2,1,2,2,2,2
1037,45,0,2,1448,1,29,3,5,2,1,55,3,3,4,4,1,9380,14720,4,1,18,3,4,10,4,4,3,1,1,2
1038,48,0,2,1221,2,7,3,2,3,1,96,3,2,7,1,0,5486,24795,4,0,11,3,1,15,3,3,2,2,2,2
1039,34,1,2,1107,0,9,4,5,1,0,52,3,1,1,3,1,2742,3072,1,0,15,3,4,2,0,3,2,2,2,2
1043,53,0,2,447,1,2,3,3,4,1,39,4,4,5,2,2,16598,19764,4,0,12,3,2,35,2,2,9,8,8,8
1044,49,0,2,1495,1,5,4,5,1,1,96,3,2,0,3,1,6651,21534,2,0,14,3,2,20,0,2,3,2,1,2
1045,40,0,2,896,1,2,3,3,3,1,68,3,1,6,3,0,2345,8045,2,0,14,3,3,8,3,4,3,1,1,2
1047,33,0,1,430,2,7,3,3,4,1,54,3,2,7,1,1,4373,17456,0,0,14,3,1,5,2,3,4,3,0,3
1048,34,0,2,1326,2,3,3,4,4,1,81,1,2,7,1,2,4759,15891,3,0,18,3,4,15,2,3,13,9,3,12
1049,30,0,2,1358,2,16,1,1,4,1,96,3,2,7,3,1,5301,2939,8,0,15,3,3,4,2,2,2,1,2,2
1051,44,0,1,383,2,1,5,2,1,0,79,3,2,7,3,1,4768,9282,7,0,12,3,3,11,4,2,1,0,0,0
1053,57,0,2,405,1,1,2,1,2,1,93,4,2,6,3,1,4900,2721,0,0,24,4,1,13,2,2,12,9,2,8
1056,28,1,1,1496,2,1,3,5,1,1,92,3,1,8,3,1,2909,15747,3,0,15,3,4,5,3,4,3,2,1,2
1058,34,1,2,790,2,24,4,3,1,0,40,2,2,7,2,2,4599,7815,0,1,23,4,3,16,2,4,15,9,10,10
1059,35,0,2,660,2,7,1,1,4,1,76,3,1,8,3,1,2404,16192,1,0,13,3,1,1,3,3,1,0,0,0
1060,24,1,1,381,1,9,3,3,2,1,89,3,1,2,1,2,3172,16998,2,1,11,3,3,4,2,2,0,0,0,0
1061,24,0,0,830,2,13,2,1,4,0,78,3,1,8,2,1,2033,7103,1,0,13,3,3,1,2,3,1,0,0,0
1062,44,0,1,1193,1,2,1,3,2,1,86,3,3,4,3,2,10209,19719,5,1,18,3,2,16,2,2,2,2,2,2
1064,30,0,2,330,0,1,3,1,3,1,46,3,1,1,3,0,2064,15428,0,0,21,4,1,6,3,4,5,3,1,3
1065,55,0,2,1229,1,4,4,1,4,1,30,3,2,0,3,1,4035,16143,0,1,16,3,2,4,2,3,3,2,1,2
1068,28,1,1,289,1,2,2,3,3,1,38,2,1,2,1,2,2561,5355,7,0,11,3,3,8,2,2,0,0,0,0
1069,28,0,2,1423,1,1,3,1,1,1,72,2,1,6,3,0,1563,12530,1,0,14,3,4,1,2,1,1,0,0,0
1071,49,0,2,271,1,3,2,3,3,0,43,2,2,2,1,1,4789,23070,4,0,25,4,1,10,3,3,3,2,1,2
1072,29,0,1,410,1,2,1,1,4,0,97,3,1,2,2,1,3180,4668,0,0,13,3,3,4,3,3,3,2,0,2
1074,33,0,2,516,1,8,5,1,4,1,69,3,2,0,3,2,6388,22049,2,1,17,3,1,14,6,3,0,0,0,0
1075,32,0,2,495,1,10,3,3,3,1,64,3,3,3,4,2,11244,21072,2,0,25,4,2,10,5,4,5,2,0,0
1076,54,0,1,1050,1,11,4,3,2,0,87,3,4,3,4,0,16032,24456,3,0,20,4,1,26,2,3,14,9,1,12
1077,29,1,2,224,1,1,4,5,1,1,100,2,1,6,1,2,2362,7568,6,0,13,3,3,11,2,1,9,7,0,7
1078,44,0,2,136,1,28,3,1,4,1,32,3,4,5,1,1,16328,22074,3,0,13,3,3,24,1,4,20,6,14,17
1080,46,0,2,228,2,3,3,1,3,0,51,3,4,3,2,1,16606,11380,8,0,12,3,4,23,2,4,13,12,5,1
1081,35,0,2,1029,1,16,3,1,4,0,91,2,3,0,2,2,8606,21195,1,0,19,3,4,11,3,1,11,8,3,3
1082,23,0,2,507,1,20,1,1,1,1,97,3,2,2,3,2,2272,24812,0,0,14,3,2,5,2,3,4,3,1,2
1083,40,1,2,676,1,9,4,1,4,1,86,3,1,2,1,2,2018,21831,3,0,14,3,2,15,3,1,5,4,1,0
1084,34,0,2,971,2,1,3,5,4,1,64,2,3,7,3,1,7083,12288,1,1,14,3,4,10,3,3,10,9,8,6
1085,31,1,1,561,1,3,3,1,4,0,33,3,1,6,3,2,4084,4156,1,0,12,3,1,7,2,1,7,2,7,7
1086,50,0,1,333,1,22,5,3,3,1,88,1,4,5,4,2,14411,24450,1,1,13,3,4,32,2,3,32,6,13,9
1088,42,0,2,1210,1,2,3,3,3,1,68,2,1,2,2,1,4841,24052,4,0,14,3,2,4,3,3,1,0,0,0
1089,37,0,2,674,1,13,3,3,1,1,47,3,2,6,4,1,4285,3031,1,0,17,3,1,10,2,3,10,8,3,7
1091,33,0,2,575,1,25,3,1,4,1,44,2,2,4,2,2,4320,24152,1,0,13,3,4,5,2,3,5,3,0,2
1092,45,0,2,950,1,28,3,5,4,1,97,3,1,6,4,1,2132,4585,4,0,20,4,4,8,3,3,5,4,0,3
1095,33,0,2,589,1,28,4,1,2,1,79,3,2,2,3,1,5207,22949,1,1,12,3,2,15,3,3,15,14,5,7
1097,24,0,2,350,1,21,2,5,3,1,57,2,1,2,1,0,2296,10036,0,0,14,3,2,2,3,3,1,1,0,0
1098,40,0,0,1142,1,8,2,1,4,1,72,3,2,0,4,0,4069,8841,3,1,18,3,3,8,2,3,2,2,2,2
1099,45,0,2,538,1,1,4,5,1,1,66,3,3,0,2,0,7441,20933,1,0,12,3,1,10,4,3,10,8,7,7
1100,35,0,2,1402,2,28,4,1,2,0,98,2,1,8,3,1,2430,26204,0,0,23,4,1,6,5,3,5,3,4,2
1102,36,0,2,1157,2,2,4,1,3,1,70,3,1,8,4,2,2644,17001,3,1,21,4,4,7,3,2,3,2,1,2
1103,48,0,2,492,2,16,4,1,3,0,96,3,2,7,3,0,6439,13693,8,0,14,3,3,18,2,3,8,7,7,7
1104,29,0,2,598,1,9,3,1,3,1,91,4,1,6,3,1,2451,22376,6,0,18,3,1,5,2,2,1,0,0,0
1106,30,1,2,740,2,1,3,1,2,1,64,2,2,7,1,1,9714,5323,1,0,11,3,4,10,4,3,10,8,6,7
1107,38,0,1,888,0,10,4,0,3,1,71,3,2,1,3,1,6077,14814,3,0,11,3,3,10,2,3,6,3,1,2
1108,35,0,2,992,1,1,3,3,4,1,68,2,1,2,1,2,2450,21731,1,0,19,3,2,3,3,3,3,0,1,2
1109,30,0,2,1288,2,29,4,5,3,1,33,3,3,7,2,1,9250,17799,3,0,12,3,2,9,3,3,4,2,1,3
1110,35,1,2,104,1,2,3,1,1,0,69,3,1,2,1,0,2074,26619,1,1,12,3,4,1,2,3,1,0,0,0
1111,53,1,2,607,1,2,5,5,3,0,78,2,3,4,4,1,10169,14618,0,0,16,3,2,34,4,3,33,7,1,9
1115,34,0,2,479,1,7,4,3,1,1,35,3,1,6,4,2,2972,22061,1,0,13,3,3,1,4,1,1,0,0,0
1118,26,0,2,474,1,3,3,1,1,0,89,3,1,6,4,1,2061,11133,1,0,21,4,1,1,5,3,1,0,0,0
1119,38,0,2,1245,2,14,3,1,3,1,80,3,2,7,2,1,9924,12355,0,0,11,3,4,10,3,3,9,8,7,7
1120,38,0,2,437,2,16,3,1,2,0,90,3,2,7,2,2,4198,16379,2,0,12,3,2,8,5,4,3,2,1,2
1121,36,0,2,884,2,1,4,1,2,0,73,3,2,7,3,2,6815,21447,6,0,13,3,1,15,5,3,1,0,0,0
1122,29,0,2,1370,1,3,1,3,2,1,87,3,1,2,1,2,4723,16213,1,1,18,3,4,10,3,3,10,9,1,5
1123,35,0,2,670,1,10,4,3,1,0,51,3,2,0,3,2,6142,4223,3,1,16,3,3,10,4,3,5,2,0,4
1124,39,0,2,1462,2,6,3,3,4,1,38,4,3,7,3,1,8237,4658,2,0,11,3,1,11,3,3,7,6,7,6
1125,29,0,1,995,1,2,1,1,1,1,87,3,2,0,4,0,8853,24483,1,0,19,3,4,6,0,4,6,4,1,3
1126,50,0,2,264,2,9,3,2,3,1,59,3,5,3,3,1,19331,19519,4,1,16,3,3,27,2,3,1,0,0,0
1127,23,0,2,977,1,10,3,5,4,1,45,4,1,6,3,1,2073,12826,2,0,16,3,4,4,2,3,2,2,2,2
1129,42,0,2,1059,1,9,2,4,4,1,93,2,5,3,4,2,19613,26362,8,0,22,4,4,24,2,3,1,0,0,1
1130,35,0,2,750,1,28,3,1,2,1,46,4,2,2,3,1,3407,25348,1,0,17,3,4,10,3,2,10,9,6,8
1132,40,0,2,118,2,14,2,1,4,0,84,3,2,7,1,1,4639,11262,1,0,15,3,3,5,2,3,5,4,1,2
1134,35,0,2,1349,1,7,2,1,3,1,63,2,1,2,4,1,2690,7713,1,0,18,3,4,1,5,2,1,0,0,1
1135,46,0,2,563,2,1,4,1,4,1,56,4,4,3,1,2,17567,3156,1,0,15,3,2,27,5,1,26,0,0,12
1136,28,1,2,329,1,24,3,3,3,1,51,3,1,2,2,1,2408,7324,1,1,17,3,3,1,3,3,1,1,0,0
1137,22,0,0,457,1,26,2,4,2,0,85,2,1,6,3,1,2814,10293,1,1,14,3,2,4,2,2,4,2,1,3
1138,50,0,1,1234,1,20,5,3,2,1,41,3,4,0,3,1,11245,20689,2,1,15,3,3,32,3,3,30,8,12,13
1139,32,0,2,634,1,5,4,4,2,0,35,4,1,6,4,1,3312,18783,3,0,17,3,4,6,3,3,3,2,0,2
1140,44,0,2,1313,1,7,3,3,2,0,31,3,5,5,4,0,19049,3549,0,1,14,3,4,23,4,2,22,7,1,10
1141,30,0,2,241,1,7,3,3,2,1,48,2,1,6,2,1,2141,5348,1,0,12,3,2,6,3,2,6,4,1,1
1143,45,0,0,336,2,26,3,2,1,1,52,2,2,7,1,1,4385,24162,1,0,15,3,1,10,2,3,10,7,4,5
1144,31,0,1,715,2,2,4,4,4,1,54,3,2,7,1,2,5332,21602,7,0,13,3,4,10,3,3,5,2,0,3
1145,36,0,2,559,1,12,4,1,3,0,76,3,2,4,3,1,4663,12421,9,1,12,3,2,7,2,3,3,2,1,1
1147,49,0,2,722,1,25,4,1,3,0,84,3,1,2,1,1,3211,22102,1,0,14,3,4,10,3,2,9,6,1,4
1148,39,0,2,1387,1,10,5,3,2,1,76,3,2,4,1,1,5377,3835,2,0,13,3,4,10,3,3,7,7,7,7
1149,27,0,2,1302,1,19,3,4,4,1,67,2,1,2,1,0,4066,16290,1,0,11,3,1,7,3,3,7,7,0,7
1150,35,0,2,819,1,18,5,1,2,1,48,4,2,6,1,1,5208,26312,1,0,11,3,4,16,2,3,16,15,1,10
1151,28,0,2,580,1,27,3,3,2,0,39,1,2,4,1,0,4877,20460,0,0,21,4,2,6,5,2,5,3,0,0
1152,21,0,2,546,1,5,1,3,3,1,97,3,1,6,4,2,3117,26009,1,0,18,3,3,3,2,3,2,2,2,2
1153,18,1,1,544,2,3,2,3,2,0,70,3,1,8,4,2,1569,18420,1,1,12,3,3,0,2,4,0,0,0,0
1154,47,0,2,1176,0,26,4,1,4,0,98,3,5,3,3,1,19658,5220,3,0,11,3,3,27,2,3,5,2,1,0
1156,40,0,2,884,1,15,3,1,1,0,80,2,3,4,3,1,10435,25800,1,0,13,3,4,18,2,3,18,15,14,12
1157,35,0,0,208,1,8,4,1,3,0,52,3,2,0,3,1,4148,12250,1,0,12,3,4,15,5,3,14,11,2,9
1158,37,0,2,671,1,19,3,1,3,1,85,3,2,4,3,1,5768,26493,3,0,17,3,1,9,2,2,4,3,0,2
1160,45,0,2,1329,1,2,2,4,4,0,59,2,2,4,4,0,5770,5388,1,0,19,3,1,10,3,3,10,7,3,9
1161,38,0,2,397,1,2,2,3,4,0,54,2,3,4,3,1,7756,14199,3,1,19,3,4,10,6,4,5,4,0,2
1162,35,1,2,737,2,10,3,3,4,1,55,2,3,7,1,1,10306,21530,9,0,17,3,3,15,3,3,13,12,6,0
1163,37,0,2,1470,1,10,3,3,2,0,71,3,1,6,2,1,3936,9953,1,0,11,3,1,8,2,1,8,4,7,7
1165,44,0,1,602,0,1,5,0,1,1,37,3,2,1,4,1,5743,10503,4,1,11,3,3,14,3,3,10,7,0,2
1166,48,0,1,365,1,4,5,3,3,1,89,2,4,3,4,1,15202,5602,2,0,25,4,2,23,3,3,2,2,2,2
1169,27,0,2,486,1,8,3,3,2,0,86,4,1,6,3,1,3517,22490,7,0,17,3,1,5,0,3,3,2,0,2
1170,27,0,1,591,1,2,3,3,4,1,87,3,1,6,4,2,2580,6297,2,0,13,3,3,6,0,2,4,2,1,2
1171,40,1,2,1329,1,7,3,1,1,1,73,3,1,2,1,2,2166,3339,3,1,14,3,2,10,3,1,4,2,0,3
1172,29,0,2,469,2,10,3,3,3,1,42,2,2,7,3,2,5869,23413,9,0,11,3,3,8,2,3,5,2,1,4
1173,36,0,2,711,1,5,4,1,2,0,42,3,3,0,1,1,8008,22792,4,0,12,3,3,9,6,3,3,2,0,2
1174,25,0,1,772,1,2,1,1,4,1,77,4,2,4,3,0,5206,4973,1,0,17,3,3,7,6,3,7,7,0,7
1175,39,0,2,492,1,12,3,3,4,1,66,3,2,4,2,1,5295,7693,4,0,21,4,3,7,3,3,5,4,1,0
1176,49,0,2,301,1,22,4,4,1,0,72,3,4,5,2,1,16413,3498,3,0,16,3,2,27,2,3,4,2,1,2
1177,50,0,2,813,1,17,5,1,4,0,50,2,3,5,1,0,13269,21981,5,0,15,3,3,19,3,3,14,11,1,11
1178,20,0,2,1141,2,2,3,3,3,0,31,3,1,8,3,2,2783,13251,1,0,19,3,1,2,3,3,2,2,2,2
1179,34,0,2,1130,1,3,3,1,4,0,66,3,2,6,2,0,5433,19332,1,0,12,3,3,11,2,3,11,8,7,9
1180,36,0,2,311,1,7,3,1,1,1,77,3,1,2,2,2,2013,10950,2,0,11,3,3,15,4,3,4,3,1,3
1183,36,0,2,1040,1,3,2,1,4,1,79,4,2,0,1,0,6842,26308,6,0,20,4,1,13,3,3,5,4,0,4
1184,54,0,2,584,1,22,5,3,2,0,91,3,4,3,3,1,17426,18685,3,0,25,4,3,36,6,3,10,8,4,7
1186,35,1,1,880,2,12,4,4,4,1,36,3,2,7,4,2,4581,10414,3,1,24,4,1,13,2,4,11,9,6,7
1187,38,0,1,1189,1,1,3,1,4,1,90,3,2,6,4,1,4735,9867,7,0,15,3,4,19,4,4,13,11,2,9
1188,29,0,2,991,2,5,3,3,1,1,43,2,2,7,2,0,4187,3356,1,1,13,3,2,10,3,2,10,0,0,9
1189,33,0,2,392,2,2,4,3,4,1,93,3,2,7,4,0,5505,3921,1,0,14,3,3,6,5,3,6,2,0,4
1190,32,0,2,977,1,2,3,3,4,1,45,3,2,6,2,0,5470,25518,0,0,13,3,3,10,4,2,9,5,1,6
1193,38,0,1,148,1,2,3,3,4,0,42,2,1,2,2,2,2440,23826,1,0,22,4,2,4,3,3,4,3,3,3
1194,47,0,2,1225,2,2,4,1,2,0,47,4,4,3,2,0,15972,21086,6,0,14,3,3,29,2,3,3,2,1,2
1197,20,0,2,727,2,9,1,1,4,1,54,3,1,8,1,2,2728,21082,1,0,11,3,1,2,3,3,2,2,0,2
1198,33,0,0,530,2,16,3,1,3,0,36,3,2,7,4,0,5368,16130,1,1,25,4,3,7,2,3,6,5,1,2
1199,36,0,2,1351,1,26,4,1,1,1,80,3,2,0,3,1,5347,7419,6,0,14,3,2,10,2,2,3,2,0,2
1200,44,0,2,528,0,1,3,1,3,0,44,3,1,1,4,0,3195,4167,4,1,18,3,1,8,2,3,2,2,2,2
1201,23,1,2,1320,1,8,1,3,4,1,93,2,1,2,3,2,3989,20586,1,1,11,3,1,5,2,3,5,4,1,2
1202,38,0,2,1495,1,4,2,3,4,0,87,3,1,2,3,1,3306,26176,7,0,19,3,4,7,5,2,0,0,0,0
1203,53,0,2,1395,1,24,4,3,2,1,48,4,3,0,4,1,7005,3458,3,0,15,3,3,11,2,3,4,3,1,2
1204,48,1,1,708,2,7,2,3,4,0,95,3,1,8,3,1,2655,11740,2,1,11,3,3,19,3,3,9,7,7,7
1205,32,1,2,1259,1,2,4,1,4,1,95,3,1,2,2,2,1393,24852,1,0,12,3,1,1,2,3,1,0,0,0
1207,55,0,2,1441,1,22,3,5,1,1,94,2,1,6,2,0,3537,23737,5,0,12,3,4,8,1,3,4,2,1,2
1209,60,0,2,370,1,1,4,3,3,1,92,1,3,0,4,0,10883,20467,3,0,20,4,3,19,2,4,1,0,0,0
1210,33,0,2,267,1,21,3,3,2,1,79,4,1,2,2,1,2028,13637,1,0,18,3,4,14,6,3,14,11,2,13
1211,37,0,1,1278,2,1,4,3,3,1,31,1,2,7,4,0,9525,7677,1,0,14,3,3,6,2,2,6,3,1,3
1212,34,0,2,678,1,19,3,1,2,0,35,2,1,6,4,1,2929,20338,1,0,12,3,2,10,3,3,10,9,8,7
1213,23,1,2,427,2,7,3,1,3,1,99,3,1,8,4,0,2275,25103,1,1,21,4,2,3,2,3,3,2,0,2
1214,44,0,2,921,1,2,3,1,3,0,96,4,3,0,4,1,7879,14810,1,1,19,3,2,9,2,3,8,7,6,7
1215,35,0,1,146,1,2,4,3,1,1,79,2,1,6,4,2,4930,13970,0,1,14,3,3,6,2,4,5,4,1,4
1216,43,0,2,1179,2,2,3,3,4,1,73,3,2,7,4,1,7847,6069,1,1,17,3,1,10,3,3,10,9,8,8
1217,24,0,2,581,1,9,3,3,3,1,62,4,1,6,3,1,4401,17616,1,0,16,3,4,5,1,3,5,3,0,4
1220,36,0,2,530,2,2,4,1,3,0,51,3,2,8,4,2,4502,7439,3,0,15,3,3,17,2,2,13,7,6,7
1221,45,0,0,1238,1,1,1,1,3,1,74,2,3,0,3,1,10748,3395,3,0,23,4,4,25,3,2,23,15,14,4
1223,47,1,1,1093,2,9,3,1,3,1,82,1,4,7,3,1,12936,24164,7,0,11,3,3,25,3,1,23,5,14,10
1224,26,0,2,390,1,17,4,3,4,1,62,1,1,2,3,1,2305,6217,1,0,15,3,3,3,3,4,3,2,0,2
1225,45,0,2,1005,1,28,2,5,4,0,48,2,4,5,2,2,16704,17119,1,0,11,3,3,21,2,3,21,6,8,6
1226,32,0,1,585,1,10,3,1,1,1,56,3,1,6,3,1,3433,17360,6,0,13,3,1,10,3,2,5,2,1,3
1227,31,0,2,741,1,2,4,1,2,1,69,3,1,2,3,1,3477,18103,1,0,14,3,4,6,2,4,5,2,0,3
1228,41,0,0,552,0,4,3,0,3,1,60,1,2,1,2,1,6430,20794,6,0,19,3,2,10,4,3,3,2,1,2
1230,24,0,2,506,1,29,1,3,2,1,91,3,1,2,1,0,3907,3622,1,0,13,3,2,6,2,4,6,2,1,2
1231,46,0,2,717,1,13,4,1,3,1,34,3,2,0,2,2,5562,9697,6,0,14,3,4,19,3,3,10,7,0,9
1232,35,0,2,1370,1,27,4,1,4,1,49,3,2,4,3,1,6883,5151,2,0,16,3,2,17,3,3,7,7,0,7
1233,30,0,2,793,1,16,1,1,2,1,33,3,1,6,4,1,2862,3811,1,0,12,3,2,10,2,2,10,0,0,8
1235,46,0,2,1277,2,2,3,1,3,1,74,3,3,7,4,0,10368,5596,4,1,12,3,2,13,5,2,10,6,0,3
1237,32,1,2,964,2,1,2,1,1,1,34,1,2,7,2,2,6735,12147,6,0,15,3,2,10,2,3,0,0,0,0
1238,23,0,2,160,1,4,1,3,3,0,51,3,1,2,2,2,3295,12862,1,0,13,3,3,3,3,1,3,2,1,2
1239,31,0,1,163,1,24,1,5,4,0,30,3,2,4,4,2,5238,6670,2,0,20,4,4,9,3,2,5,4,1,4
1241,32,0,2,371,2,19,3,1,4,1,80,1,3,7,3,1,9610,3840,3,0,13,3,3,10,2,1,4,3,0,2
1242,40,0,2,611,2,7,4,3,2,1,88,3,5,3,2,2,19833,4349,1,0,14,3,2,21,3,2,21,8,12,8
1245,24,0,1,897,0,10,3,3,1,1,59,3,1,1,4,1,2145,2097,0,0,14,3,4,3,2,3,2,2,2,1
1246,30,1,1,600,0,8,3,0,3,0,66,2,1,1,4,0,2180,9732,6,0,11,3,3,6,0,2,4,2,1,2
1248,27,0,2,1054,1,8,3,3,3,0,67,3,1,6,4,2,3445,6152,1,0,11,3,3,6,5,2,6,2,1,4
1249,29,1,2,428,2,9,3,2,2,0,52,1,1,8,2,2,2760,14630,1,0,13,3,3,2,3,3,2,2,2,2
1252,34,0,2,181,1,2,4,3,4,1,97,4,1,6,4,1,2932,5586,0,1,14,3,1,6,3,3,5,0,1,2
1253,33,0,0,1283,2,2,3,2,4,0,62,3,2,7,2,2,5147,10697,8,0,15,3,4,13,2,2,11,7,1,7
1254,49,0,2,1313,2,11,4,2,4,0,80,3,2,7,4,2,4507,8191,3,0,12,3,3,8,1,4,5,1,0,4
1255,33,1,2,211,2,16,3,1,1,0,74,3,3,7,1,2,8564,10092,2,1,20,4,3,11,2,2,0,0,0,0
1256,38,0,1,594,1,2,2,3,3,0,75,2,1,2,2,1,2468,15963,4,0,14,3,2,9,4,2,6,1,0,5
1257,31,1,2,1079,2,16,4,2,1,1,70,3,3,7,3,1,8161,19002,2,0,13,3,1,10,2,3,1,0,0,0
1258,29,0,2,590,1,4,3,5,4,0,91,2,1,6,1,0,2109,10007,1,0,13,3,3,1,2,3,1,0,0,0
1261,38,0,2,833,1,18,3,3,2,1,60,1,2,0,4,1,5811,24539,3,1,16,3,3,15,2,3,1,0,1,0
1262,43,1,1,807,1,17,3,5,3,1,38,2,1,6,3,1,2437,15587,9,1,16,3,4,6,4,3,1,0,0,0
1263,42,0,2,855,1,12,3,3,2,1,57,3,1,2,2,0,2766,8952,8,0,22,4,2,7,6,2,5,3,0,4
1264,55,0,2,478,1,2,3,3,3,1,60,2,5,5,1,1,19038,19805,8,0,12,3,2,34,2,3,1,0,0,0
1265,33,0,0,775,1,4,3,5,4,1,90,3,2,6,2,0,3055,6194,5,0,15,3,4,11,2,2,9,8,1,7
1266,41,0,2,548,1,9,4,1,3,1,94,3,1,2,1,0,2289,20520,1,0,20,4,2,5,2,3,5,3,0,4
1267,34,0,0,1375,2,10,3,1,4,1,87,3,2,7,3,0,4001,12313,1,1,14,3,3,15,3,3,15,14,0,7
1269,43,0,2,244,0,2,3,1,2,1,97,3,1,1,4,2,3539,5033,0,0,13,3,2,10,5,3,9,7,1,8
1270,34,0,2,511,2,3,2,1,4,0,32,1,2,7,4,2,6029,25353,5,0,12,3,1,6,3,3,2,2,2,2
1271,21,1,2,337,2,7,1,2,2,1,31,3,1,8,2,2,2679,4567,1,0,13,3,2,1,3,3,1,0,1,0
1272,38,0,2,1153,1,6,2,4,4,0,40,2,1,2,3,1,3702,16376,1,0,11,3,2,5,3,3,5,4,0,4
1273,22,1,2,1294,1,8,1,3,3,0,79,3,1,2,1,1,2398,15999,1,1,17,3,3,1,6,3,1,0,0,0
1274,31,0,2,196,2,29,4,2,1,0,91,2,2,7,4,1,5468,13402,1,0,14,3,1,13,3,3,12,7,5,7
1275,51,0,2,942,1,3,3,5,1,0,53,3,3,3,3,1,13116,22984,2,0,11,3,4,15,2,3,2,2,2,2
1276,37,0,2,589,2,9,2,2,2,1,46,2,2,7,2,1,4189,8800,1,0,14,3,1,5,2,3,5,2,0,3
1277,46,0,2,734,1,2,4,3,3,1,46,3,5,5,4,0,19328,14218,7,1,17,3,3,24,3,3,2,1,2,2
1278,36,0,2,1383,1,10,3,1,4,1,90,3,3,0,1,1,8321,25949,7,1,13,3,4,15,1,3,12,8,5,7
1279,44,1,1,429,1,1,2,3,3,1,99,3,1,6,2,0,2342,11092,1,1,12,3,3,6,2,2,5,3,2,3
1280,37,0,2,1239,0,8,2,4,3,1,89,3,2,1,2,0,4071,12832,2,0,13,3,3,19,4,2,10,0,4,7
1281,35,1,2,303,2,27,3,1,3,1,84,3,2,7,4,2,5813,13492,1,1,18,3,4,10,2,3,10,7,7,7
1282,33,0,2,867,1,8,4,1,4,1,90,4,1,6,1,1,3143,6076,6,0,19,3,2,14,1,3,10,8,7,6
1283,28,0,2,1181,1,1,3,1,3,1,82,3,1,6,4,1,2044,5531,1,0,11,3,3,5,6,4,5,3,0,3
1284,39,0,2,1253,1,10,1,3,3,1,65,3,3,5,3,2,13464,7914,7,0,21,4,3,9,3,3,4,3,2,2
1285,46,0,0,849,2,26,2,1,2,1,98,2,2,7,2,2,7991,25166,8,0,15,3,3,6,3,3,2,2,2,2
1286,40,0,2,616,1,2,2,1,3,0,99,3,1,2,1,1,3377,25605,4,0,17,3,4,7,5,2,4,3,0,2
1287,42,0,2,1128,1,13,3,3,2,1,95,4,2,0,1,1,5538,5696,5,0,18,3,3,10,2,2,0,0,0,0
1288,35,0,0,1180,1,2,2,3,2,1,90,3,2,4,4,0,5762,24442,2,0,14,3,3,15,6,3,7,7,1,7
1289,38,0,0,1336,0,2,3,0,1,1,100,3,1,1,2,0,2592,7129,5,0,13,3,4,13,3,3,11,10,3,8
1290,34,1,1,234,1,9,4,1,4,1,93,3,2,2,1,1,5346,6208,4,0,17,3,3,11,3,2,7,1,0,7
1291,37,1,2,370,1,10,4,3,4,1,58,3,2,4,1,2,4213,4992,1,0,15,3,2,10,4,1,10,3,0,8
1292,39,0,1,766,2,20,3,1,3,1,83,3,2,7,4,0,4127,19188,2,0,18,3,4,7,6,3,2,1,2,2
1293,43,0,0,343,1,9,3,1,1,1,52,3,1,6,3,2,2438,24978,4,0,13,3,3,7,2,2,3,2,1,2
1294,41,0,2,447,1,5,3,1,2,1,85,4,2,0,2,2,6870,15530,3,0,12,3,1,11,3,1,3,2,1,2
1296,30,0,2,1092,1,10,3,3,1,0,64,3,3,4,3,2,9667,2739,9,0,14,3,2,9,3,3,7,7,0,2
1297,26,1,2,920,0,20,2,3,4,0,69,3,1,1,2,1,2148,6889,0,1,11,3,3,6,3,3,5,1,1,4
1300,34,0,2,810,2,8,2,5,2,1,92,4,2,7,3,1,6799,22128,1,0,21,4,3,10,5,3,10,8,4,8
1301,58,0,0,350,2,2,3,3,2,1,52,3,4,3,2,0,16291,22577,4,0,22,4,4,37,0,2,16,9,14,14
1302,35,0,2,185,1,23,4,3,2,1,91,1,1,2,3,1,2705,9696,0,0,16,3,2,6,2,4,5,4,0,3
1303,47,0,2,1001,1,4,3,1,3,0,92,2,3,4,2,0,10333,19271,8,1,12,3,3,28,4,3,22,11,14,10
1304,40,0,2,750,1,12,3,1,2,0,47,3,2,0,1,0,4448,10748,2,0,12,3,2,15,3,3,7,4,7,7
1305,54,0,2,431,1,7,4,3,4,0,68,3,2,6,4,1,6854,15696,4,0,15,3,2,14,2,2,7,1,1,7
1306,31,0,1,1125,2,7,4,2,1,0,68,3,3,7,1,1,9637,8277,2,0,14,3,4,9,3,3,3,2,2,2
1308,38,0,2,723,2,2,4,2,2,0,77,1,2,8,4,1,5405,4244,2,1,20,4,1,20,4,2,4,2,0,3
1309,26,0,2,572,2,10,3,3,3,1,46,3,2,7,4,2,4684,9125,1,0,13,3,1,5,4,3,5,3,1,2
1310,58,0,1,1216,1,15,4,1,1,1,87,3,4,5,3,1,15787,21624,2,1,14,3,2,23,3,3,2,2,2,2
1312,31,1,2,359,0,18,5,0,4,1,89,4,1,1,1,1,2956,21495,0,0,17,3,3,2,4,3,1,0,0,0
1313,29,1,2,350,0,13,3,0,1,1,56,2,1,1,1,0,2335,3157,4,1,15,3,4,4,3,3,2,2,2,0
1315,36,0,2,430,1,2,4,4,4,0,73,3,2,6,2,1,6962,19573,4,1,22,4,4,15,2,3,1,0,0,0
1316,43,0,1,1422,2,2,4,1,1,1,92,3,2,7,4,1,5675,19246,1,0,20,4,3,7,5,3,7,7,7,7
1317,27,0,1,1297,1,5,2,1,4,0,53,3,1,2,4,2,2379,19826,0,1,14,3,3,6,3,2,5,4,0,2
1320,42,0,0,355,1,10,4,5,3,1,38,3,1,6,3,1,2936,6161,3,0,22,4,2,10,1,2,6,3,3,3
1321,47,0,2,207,1,9,4,1,2,0,64,3,1,2,3,2,2105,5411,4,0,12,3,3,7,2,3,2,2,2,0
1322,46,0,2,706,1,2,2,1,4,1,82,3,3,4,4,0,8578,19989,3,0,14,3,3,12,4,2,9,8,4,7
1323,28,0,0,280,0,1,2,1,3,1,43,3,1,1,4,0,2706,10494,1,0,15,3,2,3,2,3,3,2,2,2
1324,29,0,2,726,1,29,1,1,4,1,93,1,2,0,3,0,6384,21143,8,0,17,3,4,11,3,3,7,0,1,6
1325,42,0,2,1142,1,8,3,1,4,1,81,3,1,2,3,2,3968,13624,4,0,13,3,4,8,3,3,0,0,0,0
1326,32,1,2,414,2,2,4,2,3,1,82,2,2,7,2,2,9907,26186,7,1,12,3,3,7,3,2,2,2,2,2
1327,46,0,2,1319,2,3,3,5,1,0,45,4,4,7,1,0,13225,7739,2,0,12,3,4,25,5,3,19,17,2,8
1328,27,0,2,728,2,23,1,3,2,0,36,2,2,8,3,1,3540,7018,1,0,21,4,4,9,5,3,9,8,5,8
1329,29,0,2,352,0,6,1,3,4,1,87,2,1,1,2,1,2804,15434,1,0,11,3,4,1,3,3,1,0,0,0
1330,43,0,2,823,1,6,3,3,1,0,81,2,5,3,3,1,19392,22539,7,0,13,3,4,21,2,3,16,12,6,14
1331,48,0,2,1224,1,10,3,1,4,1,91,2,5,5,2,1,19665,13583,4,0,12,3,4,29,3,3,22,10,12,9
1332,29,1,1,459,1,24,2,1,4,1,73,2,1,6,4,2,2439,14753,1,1,24,4,2,1,3,2,1,0,1,0
1333,46,1,2,1254,2,10,3,1,3,0,64,3,3,7,2,1,7314,14011,5,0,21,4,3,14,2,3,8,7,0,7
1334,27,0,1,1131,1,15,3,1,4,0,77,2,1,6,1,1,4774,23844,0,0,19,3,4,8,2,2,7,6,7,3
1336,55,0,2,836,1,2,4,5,2,1,98,2,1,6,4,1,2662,7975,8,0,20,4,2,19,2,4,5,2,0,4
1337,28,0,2,1172,2,3,3,3,2,0,78,3,1,8,2,1,2856,3692,1,0,19,3,4,1,3,3,1,0,0,0
1338,30,1,2,945,2,9,3,3,2,1,89,3,1,8,4,2,1081,16019,1,0,13,3,3,1,3,2,1,0,0,0
1339,22,1,2,391,1,7,1,1,4,1,75,3,1,6,2,2,2472,26092,1,1,23,4,1,1,2,3,1,0,0,0
1340,36,0,2,1266,2,10,4,5,2,0,63,2,2,7,3,1,5673,6060,1,1,13,3,1,10,4,3,10,9,1,7
1341,31,0,2,311,1,20,3,1,2,1,89,3,2,2,3,0,4197,18624,1,0,11,3,1,10,2,3,10,8,0,2
1342,34,0,2,1480,2,4,3,1,3,1,64,3,3,7,4,1,9713,24444,2,1,13,3,4,9,3,3,5,3,1,0
1343,29,0,2,592,1,7,3,1,4,1,59,3,1,2,1,2,2062,19384,3,0,14,3,2,11,2,3,3,2,1,2
1345,35,0,2,219,1,16,2,4,4,0,44,2,2,4,2,1,4788,25388,0,1,11,3,4,4,2,3,3,2,0,2
1346,45,0,2,556,1,25,2,1,2,0,93,2,2,4,4,1,5906,23888,0,0,13,3,4,10,2,2,9,8,3,8
1347,36,0,1,1213,0,2,1,0,2,1,94,2,2,1,4,2,3886,4223,1,0,21,4,4,10,2,2,10,1,0,8
1349,26,0,2,482,1,1,2,1,2,0,90,2,1,6,3,1,2933,14908,1,1,13,3,3,1,3,2,1,0,1,0
1350,27,0,2,511,2,2,2,3,1,0,89,4,2,7,3,2,6500,26997,0,0,14,3,2,9,5,2,8,7,0,7
1351,48,0,1,117,1,22,3,3,4,0,58,3,4,3,4,0,17174,2437,3,0,11,3,2,24,3,3,22,17,4,7
1352,44,0,2,170,1,1,4,1,2,1,78,4,2,0,1,1,5033,9364,2,0,15,3,4,10,5,3,2,0,2,2
1353,34,1,0,967,1,16,4,5,4,1,85,1,1,6,1,1,2307,14460,1,1,23,4,2,5,2,3,5,2,3,0
1354,56,1,2,1162,1,24,2,1,1,1,97,3,1,2,4,2,2587,10261,1,0,16,3,4,5,3,3,4,2,1,0
1356,41,0,2,337,2,8,3,2,3,0,54,3,2,7,2,1,4393,26841,5,0,21,4,3,14,3,3,5,4,1,4
1357,42,0,2,1396,1,6,3,3,3,1,83,3,3,5,1,1,13348,14842,9,0,13,3,2,18,3,4,13,7,5,7
1358,31,0,2,1079,2,10,2,3,3,0,86,3,2,7,4,0,6583,20115,2,1,11,3,4,8,2,3,5,2,1,4
1359,34,0,2,735,2,3,1,3,4,0,75,2,2,7,4,1,8103,16495,3,1,12,3,3,9,3,2,4,2,0,1
1360,31,0,2,471,1,4,3,3,1,0,62,4,1,2,3,0,3978,16031,8,0,12,3,2,4,0,2,2,2,2,2
1361,26,0,1,1096,1,6,3,4,3,1,61,4,1,2,4,1,2544,7102,0,0,18,3,1,8,3,3,7,7,7,7
1362,45,0,1,1297,1,1,4,3,2,1,44,3,2,0,3,2,5399,14511,4,0,12,3,3,12,3,3,4,2,0,3
1363,33,0,2,217,2,10,4,2,2,1,43,3,2,7,3,2,5487,10410,1,0,14,3,2,10,2,2,10,4,0,9
1364,28,0,1,783,2,1,2,1,3,1,42,2,2,7,4,1,6834,19255,1,1,12,3,3,7,2,3,7,7,0,7
1365,29,1,1,746,2,24,3,5,3,1,45,4,1,8,1,2,1091,10642,1,0,17,3,4,1,3,3,1,0,0,0
1366,39,0,0,1251,2,21,4,1,1,0,32,1,2,7,3,1,5736,3987,6,0,19,3,3,10,1,3,3,2,1,2
1367,27,0,2,1354,1,2,4,5,2,1,41,3,1,6,2,1,2226,6073,1,0,11,3,3,6,3,2,5,3,1,2
1368,34,0,1,735,1,22,4,4,3,1,86,2,2,6,4,1,5747,26496,1,1,15,3,2,16,3,3,15,10,6,11
1369,28,1,2,1475,2,13,2,2,4,0,84,3,2,7,3,2,9854,23352,3,1,11,3,4,6,0,3,2,0,2,2
1370,47,0,0,1169,1,14,4,5,3,1,64,3,2,6,2,1,5467,2125,8,0,18,3,3,16,4,4,8,7,1,7
1371,56,0,2,1443,2,11,5,2,4,0,89,2,2,7,1,1,5380,20328,4,0,16,3,3,6,3,3,0,0,0,0
1372,39,0,2,867,1,9,2,3,1,1,87,3,2,4,1,1,5151,12315,1,0,25,4,4,10,3,3,10,0,7,9
1373,38,0,1,1394,1,8,3,3,4,0,58,2,2,6,2,0,2133,18115,1,1,16,3,3,20,3,3,20,11,0,7
1375,32,1,1,238,1,5,2,1,1,0,47,4,1,6,3,2,2432,15318,3,1,14,3,1,8,2,3,4,1,0,3
1376,38,0,2,1206,1,9,2,1,2,1,71,3,1,6,4,0,4771,14293,2,0,19,3,4,10,0,4,5,2,0,3
1378,42,0,2,419,2,12,4,2,2,1,77,3,2,7,4,0,5087,2900,3,1,12,3,3,14,4,3,0,0,0,0
1379,27,1,1,1337,0,22,3,0,1,0,58,2,1,1,2,1,2863,19555,1,0,12,3,1,1,2,3,1,0,0,0
1380,35,0,2,682,2,18,4,3,2,1,71,3,2,7,1,1,5561,15975,0,0,16,3,4,6,2,1,5,3,0,4
1381,28,0,0,1103,1,16,3,3,3,1,49,3,1,6,3,2,2144,2122,1,0,14,3,3,5,3,2,5,3,1,4
1382,31,0,0,976,1,3,2,3,3,1,48,3,1,6,1,0,3065,3995,1,1,13,3,4,4,3,4,4,2,2,3
1383,36,0,0,1351,1,9,4,1,1,1,66,4,1,2,2,1,2810,9238,1,0,22,4,2,5,3,3,5,4,0,2
1385,34,0,2,1239,2,13,4,3,4,1,39,3,3,7,3,0,8628,22914,1,0,18,3,3,9,2,2,8,7,1,1
1386,26,0,2,157,1,1,3,3,3,1,95,3,1,2,1,2,2867,20006,0,0,13,3,4,8,6,2,7,7,7,6
1387,29,0,2,136,1,1,3,1,1,1,89,3,2,0,1,1,5373,6225,0,0,12,3,1,6,5,2,5,3,0,2
1388,32,0,0,1146,1,15,4,3,3,0,34,3,2,0,4,0,6667,16542,5,0,18,3,2,9,6,3,5,1,1,2
1389,31,0,1,1125,1,1,3,1,4,1,48,1,2,6,1,1,5003,5771,1,0,21,4,2,10,6,3,10,8,8,7
1390,28,1,2,1404,1,17,3,5,3,1,32,2,1,2,4,0,2367,18779,5,0,12,3,1,6,2,2,4,1,0,3
1391,38,0,2,1404,2,1,3,1,1,1,59,2,1,8,1,2,2858,11473,4,0,14,3,1,20,3,2,1,0,0,0
1392,35,0,2,1224,2,7,4,1,3,0,55,3,2,7,4,1,5204,13586,1,1,11,3,4,10,2,3,10,8,0,9
1393,27,0,2,954,2,9,3,2,4,1,44,3,2,7,4,2,4105,5099,1,0,14,3,1,7,5,3,7,7,0,7
1394,32,0,2,1373,1,5,4,1,4,1,56,2,2,4,4,2,9679,10138,8,0,24,4,2,8,1,3,1,0,0,0
1395,31,1,1,754,2,26,4,2,1,1,63,3,2,7,4,1,5617,21075,1,1,11,3,3,10,4,3,10,7,0,8
1396,53,1,2,1168,2,24,4,1,1,1,66,3,3,7,1,2,10448,5843,6,1,13,3,2,15,2,2,2,2,2,2
1397,54,0,2,155,1,9,2,1,1,0,67,3,2,6,3,1,2897,22474,3,0,11,3,3,9,6,2,4,3,2,3
1399,43,0,2,574,1,11,3,1,1,1,30,3,3,0,3,1,7510,16873,1,0,17,3,2,10,1,3,10,9,0,9
1400,38,0,1,1444,0,1,4,4,4,1,88,3,1,1,2,1,2991,5224,0,1,11,3,2,7,2,3,6,2,1,2
1401,55,0,2,189,0,26,4,0,3,1,71,4,5,3,2,1,19636,25811,4,1,18,3,1,35,0,3,10,9,1,4
1402,31,0,2,1276,1,2,1,3,4,0,59,1,1,2,4,0,1129,17536,1,1,11,3,3,1,4,3,1,0,0,0
1404,42,0,0,335,1,23,2,1,4,1,37,2,2,6,3,2,4332,14811,1,0,12,3,4,20,2,3,20,9,3,7
1405,31,0,0,697,1,10,3,3,3,0,40,3,3,5,3,1,11031,26862,4,0,20,4,3,13,2,4,11,7,4,8
1407,24,0,2,771,1,1,2,1,2,1,45,2,2,0,3,2,4617,14120,1,0,12,3,2,4,2,2,4,3,1,2
1408,23,0,2,571,1,12,2,4,4,1,78,3,1,2,4,2,2647,13672,1,0,13,3,3,5,6,4,5,2,1,4
1409,40,0,1,692,1,11,3,5,4,0,73,3,2,2,3,1,6323,26849,1,0,11,3,1,10,2,4,10,9,9,4
1410,40,0,2,444,2,2,2,2,2,0,92,3,2,7,2,1,5677,4258,3,0,14,3,3,15,4,3,11,8,5,10
1411,25,0,2,309,0,2,3,0,3,0,82,3,1,1,2,1,2187,19655,4,0,14,3,3,6,3,3,2,0,1,2
1412,30,0,2,911,1,1,2,3,4,1,76,3,1,2,2,1,3748,4077,1,0,13,3,3,12,6,2,12,8,1,7
1413,25,0,2,977,1,2,1,4,4,1,57,3,1,2,3,0,3977,7298,6,1,19,3,3,7,2,2,2,2,0,2
1414,47,0,2,1180,1,25,3,3,1,1,84,3,3,0,3,2,8633,13084,2,0,23,4,2,25,3,3,17,14,12,11
1415,33,0,0,1313,1,1,2,3,2,1,59,2,1,2,3,0,2008,20439,1,0,12,3,3,1,2,2,1,1,0,0
1416,38,0,2,1321,2,1,4,1,4,1,86,3,2,7,2,1,4440,7636,0,0,15,3,1,16,3,3,15,13,5,8
1417,31,0,2,1154,2,2,2,1,1,1,54,3,1,8,3,1,3067,6393,0,0,19,3,3,3,1,3,2,2,1,2
1420,41,0,2,642,1,1,3,1,4,1,76,3,1,6,4,1,2782,21412,3,0,22,4,1,12,3,3,5,3,1,0
1421,47,0,0,1162,1,1,1,3,3,0,98,3,3,5,2,1,11957,17231,0,0,18,3,1,14,3,1,13,8,5,12
1424,35,0,2,1395,1,9,4,3,2,1,48,3,2,6,3,2,5098,18698,1,0,19,3,2,10,5,3,10,7,0,8
1425,33,0,2,501,1,15,2,3,2,0,95,3,2,0,4,1,4878,21653,0,1,13,3,1,10,6,3,9,7,8,1
1426,32,0,2,267,1,29,4,1,3,0,49,2,1,2,2,2,2837,15919,1,0,13,3,3,6,3,3,6,2,4,1
1427,40,0,2,543,1,1,4,1,1,1,83,3,1,2,4,1,2406,4060,8,0,19,3,3,8,3,2,1,0,0,0
1428,32,0,2,234,2,1,4,3,2,1,68,2,1,8,2,1,2269,18024,0,0,14,3,2,3,2,3,2,2,2,2
1429,39,0,2,116,1,24,1,1,1,1,52,3,2,6,4,2,4108,5340,7,0,13,3,1,18,2,3,7,7,1,7
1430,38,0,2,201,1,10,3,3,2,0,99,1,3,5,3,1,13206,3376,3,0,12,3,1,20,3,3,18,16,1,11
1431,32,0,2,801,2,1,4,2,3,0,48,3,3,7,4,1,10422,24032,1,0,19,3,3,14,3,3,14,10,5,7
1432,37,0,2,161,1,10,3,1,3,0,42,4,3,5,4,1,13744,15471,1,1,25,4,1,16,2,3,16,11,6,8
1433,25,0,2,1382,2,8,2,4,1,0,85,3,2,7,3,0,4907,13684,0,1,22,4,2,6,3,2,5,3,0,4
1434,52,0,0,585,2,29,4,1,1,1,40,3,1,8,4,0,3482,19788,2,0,15,3,2,16,3,2,9,8,0,0
1435,44,0,2,1037,1,1,3,3,2,1,42,3,1,6,4,2,2436,13422,6,1,12,3,3,6,2,3,4,3,1,2
1436,21,0,2,501,2,5,1,3,3,1,58,3,1,8,1,2,2380,25479,1,1,11,3,4,2,6,3,2,2,1,2
1437,39,0,0,105,1,9,3,1,4,1,87,3,5,3,4,2,19431,15302,2,0,13,3,3,21,3,2,6,0,1,3
1438,23,1,1,638,2,9,3,2,4,1,33,3,1,8,1,1,1790,26956,1,0,19,3,1,1,3,2,1,0,1,0
1439,36,0,2,557,2,3,3,3,1,0,94,2,3,7,4,1,7644,12695,0,0,19,3,3,10,2,3,9,7,3,4
1440,36,0,1,688,1,4,2,1,4,0,97,3,2,4,2,0,5131,9192,7,0,13,3,2,18,3,3,4,2,0,2
1442,29,1,2,1092,1,1,4,3,1,1,36,3,1,6,4,1,4787,26124,9,1,14,3,2,4,3,4,2,2,2,2
1443,42,0,2,300,1,2,3,1,1,1,56,3,5,3,3,1,18880,17312,5,0,11,3,1,24,2,2,22,6,4,14
1444,56,1,2,310,1,7,2,5,4,1,72,3,1,2,3,1,2339,3666,8,0,11,3,4,14,4,1,10,9,9,8
1445,41,0,2,582,1,28,4,1,1,0,60,2,4,4,2,1,13570,5640,0,0,23,4,3,21,3,3,20,7,0,10
1446,34,0,2,704,2,28,3,2,4,0,95,2,2,7,3,1,6712,8978,1,0,21,4,4,8,2,3,8,7,1,7
1447,36,0,0,301,2,15,4,2,4,1,88,1,2,7,4,0,5406,10436,1,0,24,4,1,15,4,2,15,12,11,11
1448,41,0,2,930,2,3,3,1,3,1,57,2,2,7,2,0,8938,12227,2,0,11,3,3,14,5,3,5,4,0,4
1449,32,0,2,529,1,2,3,5,4,1,78,3,1,6,1,2,2439,11288,1,0,14,3,4,4,4,3,4,2,1,2
1450,35,0,2,1146,0,26,4,1,3,0,31,3,3,1,4,2,8837,16642,1,1,16,3,3,9,2,3,9,0,1,7
1451,38,0,2,345,2,10,2,1,1,0,100,3,2,7,4,1,5343,5982,1,0,11,3,3,10,1,3,10,7,1,9
1452,50,1,1,878,2,1,4,1,2,1,94,3,2,7,3,0,6728,14255,7,0,12,3,4,12,3,3,6,3,0,1
1453,36,0,2,1120,2,11,4,2,2,0,100,2,2,7,4,1,6652,14369,4,0,13,3,1,8,2,2,6,3,0,0
1454,45,0,2,374,2,20,3,1,4,0,50,3,2,7,3,2,4850,23333,8,0,15,3,3,8,3,3,5,3,0,1
1455,40,0,2,1322,1,2,4,1,3,1,52,2,1,6,3,2,2809,2725,2,0,14,3,4,8,2,3,2,2,2,2
1456,35,0,1,1199,1,18,4,1,3,1,80,3,2,0,3,1,5689,24594,1,1,14,3,4,10,2,4,10,2,0,2
1457,40,0,2,1194,1,2,4,3,3,0,98,3,1,6,3,1,2001,12549,2,0,14,3,2,20,2,3,5,3,0,2
1459,29,0,2,1378,1,13,2,4,4,1,46,2,2,2,2,1,4025,23679,4,1,13,3,1,10,2,3,4,3,0,3
1460,29,0,2,468,1,28,4,3,4,0,73,2,1,6,1,2,3785,8489,1,0,14,3,2,5,3,1,5,4,0,4
1461,50,1,2,410,2,28,3,2,4,1,39,2,3,7,1,0,10854,16586,4,1,13,3,2,20,3,3,3,2,2,0
1462,39,0,2,722,2,24,1,2,2,0,60,2,4,7,4,1,12031,8828,0,0,11,3,1,21,2,2,20,9,9,6
1464,26,0,2,1167,2,5,3,4,4,0,30,2,1,8,3,2,2966,21378,0,0,18,3,4,5,2,3,4,2,0,0
1465,36,0,1,884,1,23,2,3,3,1,41,4,2,2,4,1,2571,12290,4,0,17,3,3,17,3,3,5,2,0,3
1466,39,0,2,613,1,6,1,3,4,1,42,2,3,0,1,1,9991,21457,4,0,15,3,1,9,5,3,7,7,1,7
1467,27,0,2,155,1,4,3,1,2,1,87,4,2,4,2,1,6142,5174,1,1,20,4,2,6,0,3,6,2,0,3
1469,34,0,2,628,1,8,3,3,2,1,82,4,2,2,3,1,4404,10228,2,0,12,3,1,6,3,4,4,3,1,2
